{"type":"FeatureCollection","features":[{"type":"Feature","geometry":{"type":"MultiPolygon","coordinates":[[[[39.63,45.19],[39.89,45.08],[40.16,45.11],[40.26,45.09],[40.53,44.92],[40.62,44.79],[40.63,44.71],[40.73,44.61],[40.75,44.47],[40.64,44.46],[40.68,44.54],[40.63,44.62],[40.56,44.67],[40.54,44.73],[40.4,44.74],[40.38,44.65],[40.32,44.61],[40.33,44.56],[40.41,44.5],[40.41,44.34],[40.44,44.29],[40.37,44.2],[40.38,44.03],[40.46,43.97],[40.32,43.76],[40.26,43.75],[39.92,43.9],[39.83,43.89],[39.72,43.93],[39.75,43.97],[39.73,44.01],[39.75,44.08],[39.71,44.14],[39.74,44.19],[39.81,44.18],[39.91,44.07],[39.96,44.06],[40.05,44.15],[40.08,44.24],[39.95,44.26],[39.89,44.34],[39.79,44.35],[39.87,44.47],[39.87,44.56],[39.92,44.59],[39.91,44.7],[40.03,44.74],[39.94,44.87],[39.96,44.92],[39.92,44.93],[39.92,44.98],[39.88,45.01],[39.74,44.93],[39.68,44.98],[39.64,44.94],[39.6,44.96],[39.67,45.01],[39.64,45.03],[39.5,45.04],[39.5,44.95],[39.57,44.94],[39.64,44.87],[39.57,44.81],[39.47,44.79],[39.06,44.81],[38.67,44.96],[38.69,45.04],[38.81,45.0],[38.91,45.05],[38.99,44.98],[39.08,44.96],[39.32,45.0],[39.56,45.18],[39.63,45.19]]]]},"properties":{"iso":"RU-AD"}},{"type":"Feature","geometry":{"type":"MultiPolygon","coordinates":[[[[36.52,63.97],[36.7,63.92],[36.94,63.93],[37.01,63.9],[37.19,63.89],[37.28,63.82],[37.44,63.79],[37.61,63.82],[37.61,63.88],[37.66,63.9],[37.83,63.9],[37.98,63.95],[38.09,64.03],[38.05,64.15],[37.9,64.24],[38.03,64.3],[37.91,64.34],[37.96,64.36],[37.83,64.36],[37.8,64.38],[37.81,64.42],[37.75,64.44],[37.69,64.43],[37.63,64.38],[37.29,64.35],[37.12,64.39],[36.7,64.71],[36.56,64.72],[36.5,64.84],[36.57,64.83],[36.49,64.85],[36.44,64.92],[36.63,64.9],[36.81,64.96],[36.87,65.08],[36.82,65.15],[37.01,65.17],[37.22,65.14],[37.67,65.04],[37.72,64.96],[37.79,64.92],[38.05,64.85],[38.39,64.84],[38.37,64.81],[38.4,64.77],[38.29,64.8],[38.07,64.78],[38.05,64.74],[38.13,64.7],[38.05,64.65],[38.16,64.67],[38.19,64.72],[38.34,64.76],[38.47,64.74],[38.49,64.77],[38.42,64.8],[38.45,64.82],[39.33,64.64],[39.57,64.55],[39.92,64.6],[39.9,64.62],[39.79,64.6],[39.81,64.66],[39.85,64.68],[40.18,64.56],[40.52,64.54],[40.53,64.58],[40.41,64.74],[40.45,64.77],[40.52,64.75],[40.52,64.77],[40.44,64.81],[40.37,64.94],[40.27,65.02],[40.11,65.07],[39.74,65.36],[39.71,65.45],[39.75,65.55],[39.83,65.61],[40.28,65.73],[40.47,65.81],[40.71,65.97],[41.34,66.06],[41.64,66.17],[41.86,66.3],[42.12,66.5],[42.2,66.53],[42.66,66.44],[42.55,66.39],[43.3,66.43],[43.37,66.35],[43.56,66.32],[43.65,66.28],[43.69,66.24],[43.29,66.09],[43.35,66.04],[43.45,66.04],[43.51,65.97],[43.5,66.05],[43.38,66.07],[43.48,66.13],[43.84,66.19],[44.05,66.08],[44.04,65.99],[44.18,65.86],[44.19,65.9],[44.12,65.99],[44.16,66.09],[44.08,66.16],[44.08,66.21],[44.17,66.37],[44.21,66.41],[44.3,66.41],[44.86,66.24],[45.74,66.07],[45.83,66.09],[46.35,66.03],[47.15,65.82],[47.73,65.82],[47.76,65.85],[47.73,65.91],[47.75,65.94],[48.16,66.13],[49.01,66.12],[49.0,65.24],[49.61,65.29],[50.06,64.89],[50.47,64.79],[50.31,64.51],[49.6,64.59],[49.45,64.46],[48.95,64.49],[48.84,64.36],[48.52,64.36],[48.41,64.22],[48.2,64.24],[48.13,64.29],[48.12,64.35],[46.61,64.33],[46.32,64.26],[45.82,64.28],[45.43,64.17],[45.59,64.06],[45.88,63.96],[46.44,63.89],[46.82,63.75],[46.97,63.64],[47.02,63.56],[46.95,63.45],[46.95,63.34],[47.09,63.25],[47.38,63.16],[47.55,63.15],[47.52,63.04],[47.44,62.97],[47.08,62.84],[47.24,62.64],[47.23,62.35],[47.39,62.32],[47.41,62.19],[47.62,62.19],[47.65,62.3],[47.75,62.32],[48.29,62.32],[48.3,62.4],[48.23,62.46],[48.37,62.73],[48.66,62.71],[48.71,62.82],[48.88,62.83],[49.61,62.77],[49.37,62.15],[49.27,62.14],[49.27,62.11],[49.22,62.1],[49.05,61.69],[49.1,61.66],[49.42,61.62],[49.46,61.59],[49.31,61.19],[49.1,61.17],[48.95,61.12],[48.89,61.14],[48.51,61.05],[48.45,60.98],[48.42,60.85],[47.98,60.9],[47.96,61.01],[47.57,61.06],[47.2,61.05],[47.19,61.0],[47.1,60.96],[47.07,60.86],[46.95,60.86],[46.76,60.9],[46.75,60.98],[46.58,61.0],[46.51,61.06],[46.32,61.0],[46.29,60.97],[45.88,61.02],[45.77,61.05],[45.79,61.17],[45.38,61.21],[45.33,61.19],[45.23,60.9],[44.21,60.97],[44.16,60.99],[44.17,61.08],[44.05,61.08],[43.89,61.02],[43.78,61.02],[43.73,60.92],[43.75,60.89],[43.52,60.85],[43.51,60.77],[43.15,60.81],[43.05,60.74],[42.98,60.74],[42.94,60.79],[42.91,60.78],[42.9,60.82],[42.82,60.86],[42.65,60.86],[42.56,60.83],[42.55,60.78],[42.39,60.77],[41.95,60.83],[41.92,60.86],[41.96,60.89],[41.92,60.92],[41.8,60.9],[41.72,60.84],[41.67,60.85],[41.64,60.89],[41.54,60.9],[41.39,60.86],[41.41,60.79],[41.34,60.69],[41.34,60.65],[41.06,60.65],[40.8,60.72],[40.75,60.78],[40.56,60.72],[40.41,60.78],[40.35,60.71],[39.95,60.65],[39.76,60.74],[39.64,60.75],[39.36,60.68],[39.18,60.71],[39.19,60.65],[39.17,60.69],[39.03,60.73],[38.96,60.81],[38.81,60.72],[38.66,60.71],[38.59,60.8],[38.42,60.81],[38.37,60.95],[38.33,60.91],[38.21,60.92],[38.17,60.98],[38.2,61.03],[38.14,61.07],[38.18,61.13],[38.1,61.16],[37.97,61.14],[37.97,61.2],[37.86,61.28],[37.87,61.35],[37.79,61.42],[37.81,61.48],[37.77,61.52],[37.76,61.65],[37.88,61.72],[37.87,61.76],[37.94,61.9],[37.93,61.96],[37.81,62.0],[37.73,62.2],[37.43,62.21],[37.47,62.28],[37.57,62.35],[37.59,62.45],[37.5,62.65],[37.35,62.68],[37.1,62.65],[36.76,62.72],[36.5,62.83],[36.26,63.03],[36.31,63.16],[36.41,63.21],[36.26,63.24],[36.27,63.3],[36.22,63.42],[36.03,63.47],[35.86,63.6],[36.47,63.68],[36.56,63.77],[36.52,63.87],[36.52,63.97]]],[[[51.41,71.81],[51.4,71.87],[51.44,71.94],[51.61,72.09],[51.87,72.16],[52.05,72.11],[52.07,72.07],[52.19,72.13],[52.21,72.13],[52.2,72.08],[52.37,72.08],[52.41,72.09],[52.37,72.16],[52.49,72.16],[52.4,72.22],[52.48,72.21],[52.46,72.23],[52.49,72.24],[52.42,72.29],[52.59,72.26],[52.57,72.28],[52.68,72.32],[52.58,72.37],[52.87,72.35],[52.69,72.37],[52.7,72.39],[52.66,72.43],[52.68,72.45],[52.82,72.45],[52.68,72.48],[52.73,72.51],[52.87,72.52],[52.93,72.56],[52.91,72.57],[53.1,72.6],[52.72,72.56],[52.81,72.61],[52.74,72.62],[52.75,72.64],[52.98,72.68],[53.22,72.65],[53.01,72.68],[52.58,72.67],[52.38,72.73],[52.62,72.86],[53.03,72.92],[53.38,72.89],[53.29,72.91],[53.4,72.93],[53.14,72.96],[53.15,73.01],[53.38,73.01],[53.12,73.1],[53.16,73.11],[53.17,73.16],[53.32,73.22],[53.53,73.23],[53.75,73.3],[54.19,73.27],[54.53,73.38],[54.93,73.43],[55.3,73.34],[55.76,73.33],[55.82,73.29],[56.44,73.23],[56.58,73.13],[55.81,73.07],[56.47,73.05],[56.38,73.01],[55.62,72.96],[55.97,72.94],[56.25,72.97],[56.22,72.83],[56.06,72.78],[55.48,72.81],[55.43,72.79],[55.81,72.76],[55.95,72.67],[55.62,72.7],[55.72,72.64],[55.62,72.62],[55.68,72.57],[55.62,72.54],[55.27,72.59],[55.54,72.53],[55.54,72.47],[55.12,72.45],[55.47,72.44],[55.48,72.37],[55.38,72.3],[55.51,72.26],[55.57,72.2],[55.34,72.07],[55.45,72.06],[55.35,71.98],[55.39,71.94],[55.25,71.96],[55.23,71.93],[55.51,71.9],[55.53,71.79],[55.67,71.61],[56.01,71.39],[56.11,71.26],[57.04,70.87],[57.31,70.81],[57.47,70.82],[57.64,70.73],[57.43,70.74],[57.54,70.7],[57.4,70.63],[57.45,70.61],[56.74,70.7],[56.85,70.65],[57.14,70.64],[57.34,70.57],[57.3,70.56],[56.6,70.67],[56.7,70.63],[56.59,70.64],[56.49,70.7],[56.58,70.74],[56.55,70.75],[56.41,70.71],[56.22,70.74],[56.32,70.7],[56.2,70.71],[56.3,70.68],[56.22,70.67],[56.24,70.65],[56.36,70.65],[56.38,70.66],[56.33,70.68],[56.43,70.68],[56.53,70.64],[56.45,70.63],[56.65,70.59],[56.51,70.54],[56.4,70.56],[56.56,70.58],[56.35,70.6],[56.09,70.67],[56.04,70.65],[56.18,70.61],[56.13,70.6],[55.81,70.7],[55.85,70.65],[56.05,70.59],[55.72,70.61],[55.6,70.65],[55.7,70.62],[55.73,70.63],[55.7,70.65],[55.79,70.63],[55.74,70.71],[55.6,70.72],[55.69,70.7],[55.75,70.65],[55.4,70.75],[55.35,70.7],[55.42,70.7],[55.47,70.65],[55.4,70.69],[55.25,70.68],[55.24,70.65],[55.3,70.61],[55.16,70.55],[54.99,70.63],[54.76,70.68],[54.71,70.72],[54.71,70.76],[54.51,70.83],[54.57,70.78],[54.49,70.78],[54.48,70.74],[54.77,70.65],[54.57,70.67],[54.29,70.78],[54.29,70.74],[54.23,70.73],[54.05,70.75],[53.85,70.82],[53.83,70.82],[53.89,70.78],[53.54,70.85],[53.54,70.8],[53.3,70.87],[53.58,70.89],[53.7,70.85],[53.67,70.89],[53.74,70.95],[53.72,70.97],[53.49,71.07],[53.5,71.09],[53.7,71.1],[53.9,71.05],[53.94,71.06],[53.81,71.13],[54.07,71.12],[53.94,71.13],[53.94,71.1],[54.24,71.12],[53.99,71.16],[54.1,71.19],[54.06,71.21],[54.16,71.21],[54.06,71.24],[53.94,71.18],[53.8,71.21],[53.83,71.17],[53.8,71.16],[53.7,71.17],[53.71,71.2],[53.58,71.2],[53.45,71.26],[53.59,71.3],[53.68,71.4],[53.89,71.42],[53.95,71.46],[53.58,71.39],[53.54,71.36],[53.54,71.32],[53.41,71.31],[53.25,71.46],[53.44,71.55],[53.35,71.57],[53.21,71.51],[53.11,71.42],[53.03,71.5],[53.01,71.48],[53.04,71.44],[52.88,71.39],[52.82,71.47],[52.8,71.46],[52.82,71.43],[52.74,71.44],[52.72,71.49],[52.61,71.47],[52.64,71.55],[52.57,71.58],[52.55,71.63],[52.5,71.57],[52.37,71.53],[52.42,71.48],[52.28,71.51],[52.27,71.59],[52.14,71.55],[52.28,71.48],[51.84,71.46],[51.53,71.57],[51.55,71.61],[51.42,71.74],[51.41,71.81]]],[[[56.99,74.69],[56.89,74.71],[56.6,74.7],[56.53,74.75],[56.42,74.75],[56.5,74.79],[56.47,74.8],[55.83,74.8],[55.82,74.82],[55.88,74.85],[56.68,74.95],[56.64,74.97],[56.37,74.94],[56.38,74.96],[56.29,74.96],[56.47,75.01],[56.42,75.04],[55.9,74.99],[55.87,75.0],[55.95,75.07],[55.73,75.08],[55.81,75.16],[56.07,75.22],[56.11,75.19],[56.23,75.2],[56.14,75.16],[56.17,75.15],[56.37,75.19],[56.45,75.12],[56.47,75.09],[56.45,75.07],[56.53,75.08],[56.91,75.24],[56.89,75.28],[56.73,75.3],[56.76,75.32],[57.05,75.4],[57.74,75.33],[57.64,75.44],[57.54,75.45],[57.5,75.5],[58.16,75.58],[58.2,75.6],[58.15,75.63],[57.93,75.63],[58.02,75.68],[58.6,75.73],[58.54,75.76],[58.93,75.87],[59.33,75.89],[59.4,75.94],[59.75,75.93],[60.05,75.99],[60.35,76.01],[60.04,76.05],[60.27,76.11],[60.84,76.12],[60.47,76.01],[60.73,76.01],[60.82,76.06],[61.09,76.08],[61.15,76.12],[61.12,76.15],[60.9,76.16],[61.08,76.28],[61.56,76.28],[61.68,76.32],[62.09,76.25],[62.38,76.27],[62.41,76.25],[62.37,76.22],[62.39,76.2],[62.5,76.18],[62.55,76.22],[62.65,76.21],[62.65,76.23],[62.78,76.27],[62.96,76.21],[63.72,76.35],[63.96,76.36],[64.09,76.31],[64.44,76.36],[64.48,76.4],[64.68,76.38],[64.67,76.42],[64.81,76.45],[64.79,76.47],[64.83,76.48],[65.03,76.5],[65.17,76.48],[65.48,76.57],[66.0,76.53],[66.03,76.55],[65.75,76.68],[65.89,76.74],[66.11,76.75],[66.65,76.9],[67.59,77.01],[68.46,76.97],[68.51,76.95],[68.49,76.93],[68.81,76.87],[68.76,76.83],[68.93,76.79],[68.89,76.75],[68.93,76.72],[69.03,76.71],[68.89,76.68],[68.79,76.59],[68.94,76.57],[68.55,76.43],[68.42,76.42],[68.44,76.4],[68.39,76.37],[68.18,76.31],[68.33,76.29],[68.29,76.28],[67.91,76.26],[67.15,76.1],[65.22,75.85],[65.08,75.81],[64.1,75.72],[63.76,75.64],[63.71,75.64],[63.73,75.67],[63.65,75.72],[63.55,75.71],[63.62,75.69],[63.52,75.63],[63.3,75.59],[63.03,75.59],[62.27,75.44],[62.03,75.45],[61.85,75.36],[61.69,75.38],[61.71,75.36],[61.66,75.33],[61.69,75.31],[61.63,75.3],[61.65,75.28],[61.48,75.22],[61.38,75.26],[61.38,75.33],[61.28,75.33],[61.3,75.3],[61.27,75.26],[61.11,75.2],[60.81,75.15],[60.75,75.11],[60.8,75.09],[60.72,75.03],[60.59,75.03],[60.57,75.06],[60.61,75.1],[60.57,75.12],[60.49,75.11],[60.43,75.05],[60.47,75.03],[60.42,75.01],[59.93,75.01],[60.01,74.98],[60.62,74.97],[60.69,74.92],[60.56,74.87],[60.19,74.85],[60.37,74.79],[60.28,74.75],[59.93,74.73],[59.72,74.74],[59.51,74.8],[59.64,74.73],[59.77,74.73],[59.87,74.68],[59.87,74.63],[59.76,74.59],[59.6,74.6],[59.09,74.74],[59.29,74.64],[59.16,74.67],[59.08,74.65],[59.22,74.62],[59.09,74.49],[59.15,74.44],[58.86,74.46],[58.19,74.58],[58.17,74.56],[58.43,74.51],[58.64,74.42],[58.57,74.39],[58.66,74.34],[58.65,74.31],[58.73,74.3],[58.71,74.29],[58.74,74.27],[58.68,74.25],[58.73,74.24],[58.54,74.24],[58.66,74.22],[58.51,74.22],[58.59,74.18],[58.53,74.17],[58.34,74.19],[58.29,74.22],[58.25,74.19],[58.3,74.16],[58.52,74.15],[58.34,74.13],[58.31,74.09],[58.27,74.13],[58.16,74.15],[58.14,74.14],[58.17,74.1],[58.1,74.06],[58.2,74.05],[58.21,74.01],[58.12,73.99],[57.74,74.05],[57.53,74.19],[57.41,74.18],[57.54,74.09],[57.26,74.08],[57.55,74.06],[57.91,73.92],[57.81,73.9],[57.91,73.88],[57.95,73.81],[57.75,73.73],[57.63,73.75],[57.4,73.85],[56.56,73.89],[57.35,73.83],[57.62,73.67],[57.59,73.61],[57.33,73.57],[57.35,73.55],[57.02,73.58],[56.74,73.68],[56.75,73.65],[56.85,73.61],[56.75,73.61],[56.92,73.6],[57.24,73.51],[57.25,73.46],[56.91,73.31],[56.75,73.36],[56.75,73.33],[56.8,73.32],[56.72,73.28],[56.76,73.25],[56.73,73.24],[56.12,73.29],[56.05,73.33],[56.02,73.41],[55.92,73.45],[55.87,73.44],[55.99,73.39],[55.98,73.33],[55.92,73.31],[55.77,73.35],[55.43,73.33],[55.02,73.44],[54.9,73.45],[54.57,73.41],[54.25,73.33],[54.03,73.37],[54.29,73.42],[54.42,73.48],[54.18,73.49],[54.54,73.61],[55.09,73.71],[55.35,73.72],[54.96,73.72],[54.86,73.68],[54.83,73.69],[54.87,73.73],[54.53,73.7],[54.26,73.61],[54.28,73.6],[53.97,73.63],[53.63,73.76],[53.65,73.81],[53.87,73.78],[54.32,73.93],[54.8,73.97],[54.59,74.02],[55.02,74.17],[55.18,74.19],[55.39,74.14],[55.86,74.11],[55.86,74.13],[55.63,74.16],[55.62,74.19],[55.08,74.27],[55.23,74.31],[55.29,74.27],[55.66,74.3],[55.71,74.27],[55.75,74.3],[55.64,74.33],[55.23,74.38],[55.39,74.45],[56.29,74.49],[56.01,74.49],[56.08,74.52],[55.87,74.55],[55.66,74.52],[55.71,74.55],[55.66,74.57],[55.5,74.57],[55.56,74.61],[55.53,74.65],[55.76,74.69],[55.9,74.66],[56.39,74.72],[56.56,74.68],[56.99,74.69]]],[[[42.65,66.74],[42.67,66.67],[42.48,66.71],[42.43,66.75],[42.5,66.78],[42.65,66.74]]],[[[57.12,70.56],[57.22,70.53],[57.04,70.54],[57.14,70.5],[57.06,70.5],[56.93,70.53],[56.9,70.56],[56.93,70.57],[56.84,70.61],[57.12,70.56]]],[[[53.23,71.22],[53.15,71.1],[53.05,71.07],[53.04,71.03],[53.14,70.99],[53.01,70.97],[53.02,71.0],[52.96,71.06],[52.8,71.09],[52.76,71.18],[52.56,71.25],[52.35,71.25],[52.21,71.31],[52.26,71.35],[52.53,71.39],[52.72,71.35],[52.69,71.4],[52.74,71.41],[52.91,71.37],[53.02,71.28],[52.74,71.37],[52.88,71.33],[52.78,71.32],[53.06,71.24],[53.16,71.24],[53.08,71.26],[53.16,71.27],[53.21,71.26],[53.2,71.23],[53.23,71.22]]],[[[51.35,79.95],[51.51,79.93],[50.05,79.97],[50.55,79.99],[50.65,80.04],[51.0,80.1],[51.09,80.06],[51.26,80.06],[51.2,80.01],[51.39,79.97],[51.35,79.95]]],[[[50.08,80.07],[49.88,80.07],[49.53,80.16],[49.9,80.23],[50.23,80.23],[50.34,80.18],[50.13,80.14],[50.05,80.08],[50.08,80.07]]],[[[55.79,80.64],[55.6,80.67],[55.71,80.7],[55.43,80.71],[55.72,80.73],[55.78,80.76],[56.53,80.79],[56.57,80.76],[56.95,80.69],[56.93,80.66],[56.33,80.62],[56.35,80.64],[56.31,80.66],[55.79,80.64]]],[[[46.69,80.53],[46.52,80.52],[46.5,80.51],[46.53,80.47],[46.48,80.46],[46.08,80.44],[46.02,80.49],[46.08,80.56],[46.04,80.57],[45.52,80.52],[45.27,80.59],[44.86,80.62],[46.52,80.72],[46.4,80.73],[46.44,80.75],[46.92,80.75],[47.2,80.81],[47.09,80.83],[47.14,80.84],[47.54,80.86],[47.87,80.81],[48.28,80.83],[48.5,80.8],[48.65,80.76],[48.46,80.73],[48.76,80.66],[48.73,80.61],[48.06,80.66],[47.99,80.68],[48.0,80.71],[47.75,80.77],[47.56,80.75],[47.61,80.73],[47.48,80.73],[47.57,80.68],[47.36,80.69],[47.3,80.65],[47.43,80.59],[47.2,80.63],[46.99,80.55],[46.63,80.56],[46.69,80.53]]],[[[62.22,80.81],[62.28,80.78],[62.26,80.74],[62.04,80.67],[62.15,80.64],[62.12,80.62],[61.71,80.6],[61.59,80.56],[61.61,80.53],[61.31,80.51],[61.28,80.5],[61.38,80.49],[61.04,80.41],[60.31,80.5],[59.64,80.43],[59.24,80.53],[59.37,80.57],[59.29,80.58],[59.26,80.6],[59.29,80.62],[59.22,80.65],[59.4,80.75],[59.57,80.79],[59.51,80.8],[59.69,80.84],[60.17,80.85],[60.26,80.83],[59.97,80.81],[60.36,80.79],[61.54,80.87],[61.6,80.9],[62.07,80.88],[62.22,80.81]]],[[[58.13,80.78],[57.82,80.81],[58.16,80.87],[58.75,80.9],[58.93,80.88],[59.03,80.82],[58.9,80.77],[58.54,80.75],[58.13,80.78]]],[[[55.77,80.78],[54.88,80.72],[54.66,80.74],[54.69,80.77],[54.66,80.79],[53.98,80.82],[54.32,80.86],[54.72,80.87],[54.82,80.84],[55.1,80.9],[55.99,80.8],[55.77,80.78]]],[[[51.69,80.73],[51.74,80.71],[51.7,80.68],[51.17,80.62],[50.95,80.54],[50.12,80.53],[50.05,80.5],[49.68,80.48],[49.8,80.45],[49.82,80.4],[49.49,80.36],[48.84,80.39],[48.79,80.36],[48.82,80.35],[48.63,80.3],[48.94,80.27],[49.04,80.24],[48.98,80.21],[49.11,80.19],[48.97,80.15],[48.73,80.16],[48.53,80.21],[48.5,80.19],[48.55,80.16],[48.51,80.12],[48.37,80.09],[48.12,80.14],[48.02,80.09],[47.63,80.07],[47.61,80.09],[47.63,80.12],[47.74,80.16],[48.09,80.21],[47.85,80.21],[47.97,80.24],[47.93,80.25],[47.45,80.24],[47.34,80.21],[47.39,80.19],[47.1,80.17],[46.89,80.19],[46.89,80.24],[46.62,80.3],[47.09,80.37],[47.22,80.31],[48.13,80.33],[48.19,80.34],[47.69,80.37],[47.62,80.41],[48.24,80.43],[48.1,80.45],[48.14,80.47],[48.1,80.48],[47.38,80.45],[48.38,80.57],[48.57,80.54],[48.53,80.52],[48.57,80.51],[49.19,80.52],[49.23,80.54],[49.18,80.56],[49.41,80.62],[49.28,80.65],[49.63,80.64],[49.67,80.65],[49.61,80.69],[49.68,80.72],[49.2,80.69],[49.34,80.73],[49.05,80.71],[48.96,80.73],[49.11,80.77],[49.0,80.78],[50.24,80.93],[50.44,80.91],[50.0,80.87],[50.86,80.92],[51.05,80.85],[50.47,80.81],[50.55,80.79],[50.25,80.74],[50.37,80.71],[50.65,80.77],[50.76,80.74],[51.01,80.78],[51.1,80.75],[51.31,80.79],[51.45,80.74],[51.69,80.73]]],[[[58.65,81.04],[58.7,81.02],[58.56,80.96],[58.37,80.95],[57.84,81.05],[58.07,81.11],[58.65,81.04]]],[[[57.34,80.89],[57.2,80.91],[57.23,80.93],[57.2,80.95],[56.93,80.97],[56.9,81.02],[56.1,81.09],[56.15,81.12],[56.7,81.11],[57.64,81.02],[57.75,80.97],[58.28,80.93],[57.84,80.85],[57.34,80.89]]],[[[54.56,81.0],[54.42,81.01],[54.45,81.05],[54.67,81.13],[55.52,81.01],[56.02,81.04],[56.62,80.98],[56.65,80.94],[57.72,80.79],[57.56,80.75],[57.06,80.69],[56.67,80.81],[55.8,80.85],[55.76,80.89],[55.38,80.93],[55.4,80.96],[55.38,80.97],[55.0,80.95],[54.86,81.0],[54.56,81.0]]],[[[50.48,81.07],[50.35,81.09],[50.39,81.11],[50.37,81.13],[50.52,81.13],[50.54,81.14],[50.49,81.16],[50.53,81.17],[50.82,81.17],[50.98,81.11],[50.77,81.09],[50.74,81.08],[50.77,81.04],[50.37,81.02],[50.48,81.07]]],[[[57.27,81.43],[56.74,81.45],[56.98,81.49],[57.01,81.51],[56.95,81.52],[57.01,81.54],[57.48,81.53],[57.51,81.56],[57.78,81.56],[57.89,81.49],[58.4,81.47],[58.57,81.41],[58.31,81.38],[57.8,81.38],[57.44,81.44],[57.27,81.43]]],[[[62.5,81.65],[62.11,81.68],[62.8,81.72],[62.77,81.71],[63.68,81.69],[63.81,81.66],[63.71,81.61],[63.47,81.59],[62.69,81.61],[62.5,81.65]]],[[[58.3,81.71],[57.89,81.71],[57.95,81.76],[58.15,81.78],[57.94,81.8],[58.16,81.83],[59.21,81.86],[59.44,81.82],[59.33,81.79],[59.37,81.77],[59.36,81.75],[58.3,81.71]]],[[[59.03,75.96],[59.23,75.99],[59.26,75.97],[58.69,75.9],[59.03,75.96]]],[[[59.0,79.98],[58.77,80.02],[59.53,80.12],[59.81,80.09],[59.84,80.07],[59.84,80.03],[59.93,79.99],[59.37,79.92],[59.0,79.98]]],[[[55.71,80.1],[56.02,80.18],[56.05,80.2],[55.95,80.26],[55.99,80.3],[55.97,80.32],[56.13,80.35],[56.64,80.32],[56.71,80.37],[57.02,80.36],[57.13,80.31],[57.08,80.26],[57.15,80.2],[57.05,80.15],[57.14,80.12],[57.12,80.1],[56.96,80.07],[55.71,80.1]]],[[[52.62,80.18],[52.36,80.21],[52.18,80.28],[52.57,80.29],[52.73,80.32],[52.68,80.36],[52.86,80.41],[53.15,80.41],[53.34,80.4],[53.32,80.38],[53.35,80.36],[53.53,80.31],[53.87,80.27],[53.73,80.22],[53.59,80.24],[53.49,80.17],[52.62,80.18]]],[[[57.53,80.13],[57.43,80.13],[57.28,80.18],[57.3,80.21],[57.22,80.24],[57.27,80.27],[57.24,80.3],[57.26,80.33],[57.19,80.36],[57.27,80.39],[57.24,80.41],[56.95,80.48],[58.45,80.47],[59.19,80.38],[59.28,80.33],[58.39,80.32],[58.08,80.26],[58.47,80.22],[58.41,80.17],[58.04,80.21],[57.91,80.17],[58.01,80.11],[57.97,80.1],[57.53,80.13]]],[[[53.8,80.47],[53.85,80.48],[53.85,80.51],[53.97,80.53],[53.86,80.55],[53.84,80.57],[53.88,80.61],[54.27,80.59],[54.31,80.58],[54.14,80.56],[54.41,80.54],[54.39,80.52],[54.47,80.48],[54.29,80.42],[53.8,80.47]]],[[[60.26,81.04],[60.61,81.09],[61.7,81.11],[61.61,81.08],[61.63,81.06],[61.6,81.03],[60.99,80.92],[60.34,80.95],[60.02,81.0],[60.26,81.04]]],[[[62.77,80.89],[63.14,80.97],[64.04,80.99],[64.19,81.02],[64.22,81.06],[64.12,81.09],[64.27,81.17],[64.7,81.21],[65.23,81.14],[65.44,81.04],[65.31,81.0],[65.39,80.99],[65.47,80.93],[65.0,80.81],[64.59,80.76],[63.13,80.68],[62.5,80.82],[62.77,80.89]]],[[[57.34,81.21],[57.89,81.25],[58.08,81.21],[57.85,81.19],[57.7,81.14],[57.39,81.12],[56.99,81.17],[57.34,81.21]]],[[[55.65,81.2],[55.56,81.22],[55.61,81.28],[55.43,81.28],[55.54,81.3],[55.47,81.32],[55.71,81.33],[56.54,81.25],[56.6,81.27],[56.39,81.32],[56.42,81.34],[56.34,81.39],[56.73,81.4],[56.79,81.37],[57.41,81.34],[57.5,81.31],[57.69,81.33],[57.91,81.3],[57.05,81.25],[56.61,81.18],[56.38,81.18],[56.39,81.2],[56.24,81.23],[55.82,81.19],[55.65,81.2]]],[[[58.56,81.32],[58.46,81.33],[58.67,81.38],[59.02,81.4],[59.39,81.33],[59.34,81.3],[59.05,81.29],[58.56,81.32]]],[[[61.9,81.6],[62.2,81.56],[61.83,81.56],[61.65,81.6],[61.9,81.6]]],[[[40.45,64.58],[40.19,64.57],[40.05,64.65],[39.82,64.68],[39.98,64.72],[40.19,64.71],[40.45,64.58]]],[[[40.15,64.73],[40.03,64.76],[40.33,64.77],[40.39,64.74],[40.41,64.64],[40.33,64.64],[40.15,64.73]]],[[[53.37,71.29],[53.4,71.28],[53.16,71.35],[53.24,71.35],[53.37,71.29]]],[[[58.81,79.92],[58.87,79.9],[58.76,79.88],[58.53,79.93],[58.25,79.93],[58.61,79.98],[58.81,79.92]]],[[[60.17,80.17],[60.21,80.15],[59.99,80.15],[59.89,80.18],[60.17,80.17]]],[[[54.41,80.28],[54.43,80.27],[54.38,80.21],[54.18,80.19],[54.14,80.2],[54.17,80.24],[54.1,80.27],[54.19,80.31],[54.41,80.28]]],[[[55.5,80.32],[55.52,80.31],[55.5,80.28],[55.23,80.23],[55.08,80.22],[54.93,80.26],[55.15,80.28],[55.07,80.29],[55.3,80.33],[55.5,80.32]]],[[[54.99,80.41],[55.24,80.44],[55.27,80.41],[55.13,80.37],[54.99,80.41]]],[[[54.84,80.43],[54.77,80.39],[54.39,80.39],[54.63,80.48],[54.84,80.43]]],[[[54.82,80.46],[54.62,80.51],[54.89,80.53],[55.07,80.48],[54.98,80.45],[54.82,80.46]]],[[[59.74,81.19],[59.76,81.17],[58.99,81.2],[59.74,81.19]]],[[[60.56,81.27],[60.43,81.24],[59.84,81.29],[60.03,81.31],[60.56,81.27]]],[[[58.37,81.58],[58.28,81.59],[58.41,81.63],[58.7,81.61],[58.37,81.58]]],[[[38.04,61.05],[38.12,61.02],[38.04,61.02],[38.04,61.05]]]]},"properties":{"iso":"RU-ARK"}},{"type":"Feature","geometry":{"type":"MultiPolygon","coordinates":[[[[46.62,48.67],[46.48,48.41],[47.1,48.27],[47.11,48.24],[47.08,48.21],[47.12,48.15],[47.1,48.1],[47.19,48.07],[47.04,47.99],[47.16,47.87],[47.12,47.82],[47.14,47.79],[47.36,47.68],[47.41,47.84],[47.65,47.77],[48.04,47.77],[48.17,47.71],[48.41,47.45],[48.53,47.41],[48.7,47.1],[49.01,46.77],[48.92,46.7],[48.76,46.68],[48.68,46.76],[48.56,46.76],[48.46,46.66],[48.53,46.64],[48.56,46.59],[48.54,46.57],[48.71,46.55],[48.82,46.48],[48.92,46.47],[49.23,46.33],[49.3,46.25],[49.16,46.29],[49.15,46.34],[49.06,46.25],[49.1,46.24],[49.11,46.15],[49.04,46.2],[48.93,46.14],[48.96,46.11],[48.93,46.09],[48.9,46.15],[48.88,46.16],[48.89,46.11],[48.84,46.15],[48.87,46.08],[48.79,46.13],[48.83,46.09],[48.82,46.06],[48.71,46.13],[48.63,46.09],[48.73,46.02],[48.65,45.96],[48.75,45.97],[48.74,45.91],[48.79,45.84],[48.72,45.84],[48.72,45.81],[48.69,45.85],[48.71,45.88],[48.63,45.91],[48.57,45.97],[48.36,45.87],[48.4,45.84],[48.29,45.84],[48.28,45.79],[48.22,45.77],[48.24,45.71],[48.08,45.75],[48.01,45.7],[47.97,45.73],[47.9,45.69],[47.86,45.72],[47.85,45.64],[47.82,45.61],[47.75,45.69],[47.56,45.77],[47.56,45.74],[47.63,45.71],[47.61,45.64],[47.66,45.62],[47.65,45.56],[47.54,45.67],[47.43,45.69],[47.5,45.72],[47.4,45.75],[47.38,45.74],[47.43,45.68],[47.55,45.63],[47.57,45.55],[47.52,45.55],[47.51,45.59],[47.49,45.57],[47.47,45.64],[47.36,45.69],[47.3,45.65],[46.89,45.58],[47.04,45.97],[47.11,46.01],[47.17,46.1],[47.09,46.12],[46.84,46.08],[46.87,46.24],[46.49,46.29],[46.66,46.43],[46.95,46.43],[46.94,46.57],[47.02,46.64],[47.15,46.67],[47.21,46.74],[47.13,46.85],[47.0,46.86],[46.92,46.97],[46.8,47.0],[46.52,47.39],[46.53,47.43],[46.81,47.58],[46.67,47.62],[46.35,47.43],[46.12,47.5],[45.93,47.65],[45.91,47.71],[45.84,47.72],[45.73,47.84],[45.71,47.91],[45.74,48.0],[45.72,48.03],[45.55,48.0],[45.4,48.09],[45.3,48.1],[45.26,48.16],[45.17,48.18],[45.16,48.24],[44.98,48.27],[45.03,48.39],[45.17,48.44],[45.19,48.48],[45.32,48.43],[45.37,48.46],[45.32,48.5],[45.24,48.5],[45.21,48.54],[45.62,48.6],[45.76,48.67],[46.01,48.87],[46.3,48.84],[46.62,48.67]]],[[[48.0,45.47],[47.99,45.45],[47.96,45.48],[47.92,45.57],[47.92,45.63],[47.96,45.65],[48.0,45.47]]]]},"properties":{"iso":"RU-AST"}},{"type":"Feature","geometry":{"type":"MultiPolygon","coordinates":[[[[57.41,56.33],[57.41,56.24],[57.48,56.18],[57.46,56.13],[57.54,56.1],[57.64,56.1],[57.8,56.15],[57.91,56.12],[58.08,56.14],[58.3,56.11],[58.32,56.07],[58.35,56.06],[58.46,56.15],[58.56,56.16],[58.73,56.07],[58.82,56.05],[58.95,56.07],[59.0,56.1],[59.03,56.17],[59.18,56.13],[59.29,56.13],[59.28,56.05],[59.17,56.01],[59.23,55.91],[59.19,55.87],[59.2,55.84],[59.15,55.81],[59.32,55.77],[59.28,55.69],[59.34,55.64],[59.24,55.58],[59.44,55.63],[59.5,55.58],[59.63,55.59],[59.64,55.57],[59.48,55.47],[59.2,55.45],[59.16,55.33],[59.0,55.24],[58.96,55.25],[58.98,55.3],[58.93,55.33],[58.85,55.3],[58.92,55.28],[58.9,55.27],[58.74,55.26],[58.73,55.23],[58.8,55.21],[58.76,55.16],[58.7,55.15],[58.66,55.19],[58.58,55.14],[58.76,55.11],[58.82,55.03],[58.62,54.95],[58.53,54.96],[58.52,55.02],[58.39,55.0],[58.43,55.06],[58.36,55.08],[58.37,55.15],[58.3,55.17],[58.14,55.11],[58.19,55.08],[58.09,55.02],[58.11,54.96],[58.0,54.92],[57.96,54.95],[58.02,55.0],[58.03,55.07],[57.96,55.17],[58.05,55.16],[58.14,55.22],[58.03,55.27],[57.92,55.29],[57.43,55.33],[57.32,55.26],[57.26,55.26],[57.25,55.22],[57.22,55.22],[57.24,55.16],[57.14,55.09],[57.24,54.95],[57.15,54.86],[57.19,54.8],[57.51,54.7],[57.52,54.67],[57.58,54.67],[57.58,54.63],[57.75,54.58],[57.74,54.5],[57.96,54.39],[58.21,54.52],[58.35,54.55],[58.61,54.47],[58.81,54.57],[59.06,54.63],[59.23,54.61],[59.41,54.71],[59.53,54.84],[59.61,54.87],[59.63,54.91],[59.81,54.85],[59.94,54.86],[59.92,54.83],[59.97,54.8],[59.87,54.61],[59.72,54.55],[59.68,54.5],[59.75,54.45],[59.67,54.34],[59.78,54.3],[59.8,54.25],[59.73,54.19],[59.73,54.14],[59.67,54.13],[59.53,54.2],[59.32,54.18],[59.15,53.98],[58.96,53.97],[58.92,53.94],[58.95,53.9],[58.87,53.75],[58.91,53.65],[58.82,53.6],[58.83,53.56],[58.9,53.55],[58.87,53.5],[58.87,53.32],[58.83,53.29],[58.82,53.21],[58.89,53.19],[58.91,53.06],[59.0,53.05],[59.03,53.01],[58.84,53.0],[58.75,52.85],[58.78,52.72],[58.72,52.65],[58.84,52.54],[58.77,52.52],[58.79,52.45],[58.83,52.43],[58.81,52.36],[58.94,52.3],[58.86,52.26],[58.69,52.27],[58.6,52.17],[58.69,52.06],[58.64,52.02],[58.57,51.79],[58.16,51.74],[58.09,51.79],[58.0,51.78],[57.94,51.83],[57.78,51.83],[57.68,51.87],[57.62,51.8],[57.63,51.76],[57.52,51.72],[57.42,51.73],[57.39,51.65],[57.2,51.57],[57.14,51.59],[57.1,51.65],[57.02,51.67],[57.0,51.73],[56.8,51.75],[56.88,51.69],[56.89,51.62],[56.78,51.59],[56.75,51.6],[56.76,51.67],[56.71,51.72],[56.75,51.77],[56.61,51.82],[56.62,51.89],[56.74,51.91],[56.65,51.96],[56.68,52.05],[56.59,52.06],[56.62,52.12],[56.42,52.16],[56.46,52.2],[56.34,52.16],[56.32,52.12],[56.24,52.12],[56.19,52.17],[56.33,52.27],[56.45,52.31],[56.44,52.43],[56.39,52.44],[56.36,52.5],[56.43,52.6],[56.27,52.55],[56.12,52.64],[56.05,52.64],[56.08,52.6],[55.93,52.52],[55.86,52.37],[55.77,52.34],[55.71,52.39],[55.66,52.37],[55.54,52.39],[55.53,52.5],[55.5,52.53],[55.54,52.54],[55.54,52.59],[55.46,52.59],[55.41,52.66],[55.32,52.63],[55.25,52.65],[55.28,52.68],[55.29,52.73],[55.35,52.69],[55.42,52.71],[55.35,52.77],[55.42,52.79],[55.41,52.84],[55.26,52.86],[55.24,52.83],[55.16,52.82],[55.13,52.91],[54.96,53.1],[54.93,53.22],[54.82,53.27],[54.64,53.24],[54.56,53.26],[54.57,53.33],[54.52,53.36],[54.3,53.41],[54.22,53.38],[54.11,53.42],[53.88,53.66],[53.66,53.75],[53.6,53.88],[53.46,54.07],[53.43,54.27],[53.35,54.38],[53.43,54.5],[53.42,54.56],[53.61,54.71],[53.58,54.76],[53.6,54.81],[53.58,54.82],[53.64,54.9],[53.5,54.89],[53.41,54.99],[53.26,55.01],[53.26,55.05],[53.14,55.1],[53.14,55.13],[53.34,55.17],[53.42,55.22],[53.59,55.21],[53.6,55.25],[53.71,55.33],[53.91,55.39],[54.0,55.55],[54.18,55.63],[54.23,55.69],[54.1,55.77],[54.03,55.76],[54.04,55.8],[53.97,55.78],[53.99,55.85],[53.92,55.85],[53.87,55.89],[53.75,55.87],[53.63,55.91],[53.67,55.96],[53.79,55.97],[53.84,56.04],[54.01,56.03],[54.12,56.16],[54.35,56.25],[54.37,56.3],[54.32,56.34],[54.43,56.34],[54.56,56.54],[54.74,56.44],[54.93,56.39],[54.97,56.32],[55.1,56.34],[55.17,56.32],[55.22,56.36],[55.25,56.34],[55.41,56.33],[55.55,56.4],[55.86,56.43],[55.91,56.47],[55.96,56.37],[56.07,56.29],[56.27,56.3],[56.39,56.39],[56.53,56.38],[56.56,56.36],[56.5,56.32],[56.57,56.26],[56.62,56.26],[56.65,56.22],[56.74,56.22],[56.77,56.17],[56.9,56.1],[57.17,56.16],[57.22,56.19],[57.19,56.2],[57.26,56.25],[57.27,56.3],[57.41,56.33]]]]},"properties":{"iso":"RU-BA"}},{"type":"Feature","geometry":{"type":"MultiPolygon","coordinates":[[[[35.67,50.34],[35.59,50.36],[35.54,50.45],[35.43,50.5],[35.38,50.63],[35.47,50.67],[35.44,50.76],[35.38,50.8],[35.34,50.92],[35.28,50.96],[35.46,50.96],[35.55,50.91],[35.61,50.94],[35.71,50.93],[35.73,50.97],[35.8,50.94],[35.88,51.01],[36.0,51.05],[35.94,51.12],[35.98,51.16],[36.26,51.1],[36.38,51.13],[36.48,51.09],[36.51,51.12],[36.61,51.08],[36.86,51.19],[36.95,51.18],[37.05,51.25],[37.12,51.23],[37.14,51.34],[37.25,51.33],[37.37,51.39],[37.67,51.37],[37.82,51.42],[38.04,51.42],[38.04,51.35],[38.32,51.27],[38.44,51.26],[38.5,51.19],[38.37,51.15],[38.4,51.07],[38.51,51.07],[38.55,51.01],[38.62,51.0],[38.74,51.07],[38.85,51.04],[38.87,50.9],[38.73,50.9],[38.72,50.79],[38.79,50.78],[38.78,50.74],[38.82,50.71],[38.96,50.69],[38.96,50.65],[39.12,50.61],[39.07,50.6],[39.1,50.51],[39.0,50.47],[38.99,50.43],[39.08,50.35],[39.06,50.31],[39.11,50.27],[39.12,50.19],[39.1,50.16],[39.21,50.1],[39.24,50.05],[39.27,50.06],[39.19,49.93],[39.18,49.86],[38.94,49.8],[38.85,49.87],[38.69,49.91],[38.66,49.97],[38.5,49.95],[38.36,49.98],[38.3,50.06],[38.17,50.06],[38.17,49.94],[38.0,49.9],[37.92,50.0],[37.73,50.08],[37.6,50.2],[37.6,50.29],[37.48,50.34],[37.42,50.43],[37.29,50.42],[37.2,50.36],[36.85,50.32],[36.59,50.2],[36.53,50.22],[36.54,50.27],[36.41,50.3],[36.27,50.28],[36.11,50.42],[35.84,50.42],[35.67,50.34]]]]},"properties":{"iso":"RU-BEL"}},{"type":"Feature","geometry":{"type":"MultiPolygon","coordinates":[[[[32.7,53.33],[32.72,53.43],[32.86,53.44],[32.91,53.49],[32.89,53.56],[32.92,53.59],[33.2,53.73],[33.21,53.8],[33.29,53.82],[33.25,53.88],[33.25,53.95],[33.35,53.98],[33.41,53.98],[33.38,53.95],[33.44,53.96],[33.48,53.97],[33.46,54.0],[33.66,54.03],[33.78,53.98],[33.87,53.87],[33.95,53.9],[34.05,53.86],[34.21,53.89],[34.22,53.83],[34.29,53.82],[34.54,53.6],[34.49,53.57],[34.54,53.47],[34.5,53.43],[34.67,53.39],[35.02,53.39],[35.01,53.29],[35.1,53.31],[35.11,53.15],[35.31,53.06],[35.21,53.0],[35.13,53.01],[35.15,52.96],[34.97,52.97],[34.95,52.93],[34.89,52.93],[34.86,52.88],[34.8,52.86],[34.87,52.78],[34.95,52.78],[35.09,52.7],[34.99,52.65],[34.99,52.51],[34.9,52.49],[34.83,52.42],[34.84,52.38],[34.92,52.32],[34.86,52.26],[34.88,52.23],[34.8,52.19],[34.76,52.19],[34.77,52.22],[34.68,52.2],[34.66,52.16],[34.71,52.12],[34.67,52.07],[34.57,52.03],[34.53,52.07],[34.4,52.01],[34.34,51.93],[34.44,51.9],[34.38,51.88],[34.37,51.83],[34.23,51.88],[34.15,51.95],[34.1,51.95],[34.07,52.16],[33.78,52.36],[33.51,52.29],[33.48,52.36],[33.42,52.34],[33.18,52.37],[32.91,52.24],[32.35,52.32],[32.37,52.25],[32.28,52.1],[32.23,52.08],[31.91,52.03],[31.86,52.1],[31.76,52.1],[31.76,52.15],[31.68,52.2],[31.7,52.25],[31.57,52.31],[31.61,52.37],[31.59,52.48],[31.55,52.51],[31.58,52.52],[31.56,52.54],[31.63,52.55],[31.48,52.68],[31.57,52.73],[31.56,52.79],[31.25,53.01],[31.36,53.09],[31.38,53.18],[31.42,53.2],[31.74,53.19],[31.8,53.11],[32.12,53.08],[32.42,53.2],[32.48,53.27],[32.45,53.3],[32.7,53.33]]]]},"properties":{"iso":"RU-BRY"}},{"type":"Feature","geometry":{"type":"MultiPolygon","coordinates":[[[[45.36,42.52],[45.16,42.69],[45.08,42.69],[45.18,42.8],[45.14,42.84],[45.16,42.95],[45.13,43.06],[45.17,43.14],[45.12,43.21],[45.05,43.49],[44.84,43.58],[44.84,43.66],[44.96,43.67],[45.0,43.76],[45.08,43.78],[45.07,43.95],[45.2,43.95],[45.22,43.88],[45.43,43.88],[45.45,43.99],[45.51,44.02],[45.73,43.95],[45.83,43.98],[46.05,43.93],[46.02,43.88],[46.06,43.82],[46.09,43.86],[46.2,43.85],[46.25,43.94],[46.42,44.0],[46.46,43.96],[46.46,43.88],[46.59,43.87],[46.62,43.82],[46.68,43.82],[46.49,43.68],[46.44,43.54],[46.33,43.43],[46.36,43.36],[46.43,43.31],[46.41,43.22],[46.45,43.18],[46.4,43.11],[46.44,43.07],[46.53,43.08],[46.49,43.01],[46.54,42.94],[46.39,42.87],[46.34,42.9],[46.29,42.87],[46.2,42.9],[46.12,42.84],[46.17,42.78],[46.17,42.73],[46.05,42.69],[46.01,42.59],[45.96,42.62],[45.95,42.58],[45.82,42.49],[45.74,42.47],[45.7,42.51],[45.54,42.54],[45.36,42.52]]]]},"properties":{"iso":"RU-CE"}},{"type":"Feature","geometry":{"type":"MultiPolygon","coordinates":[[[[63.33,54.16],[63.12,54.17],[63.13,54.11],[63.08,54.09],[62.63,54.07],[62.55,54.03],[62.59,53.97],[62.53,53.93],[62.53,53.87],[62.39,53.94],[62.44,53.99],[62.41,54.03],[62.0,54.02],[62.0,53.93],[61.86,53.94],[61.79,54.0],[61.62,53.99],[61.58,53.95],[61.55,53.99],[61.34,54.06],[61.19,54.02],[61.23,53.94],[61.21,53.91],[61.15,53.95],[61.0,53.94],[60.98,53.88],[61.08,53.88],[61.2,53.82],[61.2,53.8],[61.11,53.71],[61.05,53.7],[61.01,53.64],[60.9,53.66],[60.88,53.63],[61.28,53.54],[61.36,53.58],[61.5,53.59],[61.56,53.51],[61.41,53.44],[61.24,53.5],[61.14,53.37],[61.16,53.3],[61.51,53.21],[61.64,53.24],[61.76,53.17],[62.05,53.12],[62.12,53.06],[62.09,52.99],[61.96,52.93],[61.82,52.98],[61.61,52.95],[61.45,53.02],[61.35,52.98],[61.19,53.01],[60.97,52.97],[61.06,52.92],[60.83,52.77],[60.7,52.73],[60.67,52.67],[60.72,52.63],[60.8,52.63],[60.81,52.52],[60.94,52.49],[60.96,52.4],[61.04,52.33],[60.67,52.14],[60.51,52.15],[60.2,51.99],[60.03,51.99],[59.99,52.04],[59.92,52.06],[59.91,52.1],[59.96,52.18],[60.15,52.28],[60.14,52.43],[59.94,52.43],[59.81,52.5],[59.68,52.43],[59.68,52.46],[59.52,52.43],[59.41,52.49],[59.27,52.49],[59.18,52.28],[58.98,52.37],[58.98,52.43],[58.8,52.44],[58.77,52.52],[58.84,52.54],[58.72,52.65],[58.78,52.72],[58.75,52.85],[58.84,53.0],[59.03,53.01],[59.0,53.05],[58.91,53.06],[58.89,53.19],[58.82,53.21],[58.83,53.29],[58.87,53.32],[58.87,53.5],[58.9,53.55],[58.83,53.56],[58.82,53.6],[58.91,53.65],[58.87,53.75],[58.95,53.9],[58.92,53.94],[58.96,53.97],[59.15,53.98],[59.32,54.18],[59.53,54.2],[59.67,54.13],[59.73,54.14],[59.73,54.19],[59.8,54.25],[59.78,54.3],[59.67,54.34],[59.75,54.45],[59.68,54.5],[59.72,54.55],[59.87,54.61],[59.97,54.8],[59.92,54.83],[59.94,54.86],[59.81,54.85],[59.63,54.91],[59.61,54.87],[59.53,54.84],[59.41,54.71],[59.23,54.61],[59.06,54.63],[58.81,54.57],[58.61,54.47],[58.35,54.55],[58.21,54.52],[57.96,54.39],[57.74,54.5],[57.75,54.58],[57.58,54.63],[57.58,54.67],[57.52,54.67],[57.51,54.7],[57.17,54.82],[57.16,54.87],[57.24,54.95],[57.14,55.09],[57.24,55.16],[57.22,55.22],[57.25,55.22],[57.26,55.26],[57.52,55.33],[58.03,55.27],[58.14,55.21],[58.05,55.16],[57.96,55.17],[58.03,55.07],[58.02,55.0],[57.96,54.95],[58.0,54.92],[58.11,54.96],[58.09,55.02],[58.19,55.08],[58.14,55.11],[58.3,55.17],[58.37,55.15],[58.36,55.08],[58.43,55.06],[58.39,55.0],[58.52,55.02],[58.55,54.95],[58.62,54.95],[58.82,55.02],[58.76,55.11],[58.6,55.13],[58.58,55.16],[58.67,55.19],[58.7,55.15],[58.74,55.16],[58.8,55.21],[58.73,55.23],[58.73,55.26],[58.92,55.28],[58.85,55.3],[58.87,55.32],[58.97,55.31],[58.97,55.25],[59.0,55.24],[59.16,55.33],[59.2,55.45],[59.48,55.47],[59.64,55.57],[59.63,55.59],[59.5,55.58],[59.44,55.63],[59.24,55.58],[59.34,55.64],[59.28,55.69],[59.31,55.77],[59.15,55.8],[59.23,55.91],[59.17,56.01],[59.28,56.05],[59.3,56.13],[59.06,56.16],[59.0,56.21],[59.13,56.21],[59.17,56.26],[59.12,56.31],[59.19,56.35],[59.7,56.31],[59.66,56.25],[59.79,56.23],[59.92,56.26],[60.2,56.21],[60.31,56.24],[60.58,56.21],[60.75,56.24],[60.91,56.19],[61.16,56.22],[61.08,56.33],[61.15,56.38],[61.27,56.33],[61.37,56.37],[61.53,56.3],[61.64,56.32],[61.85,56.22],[61.86,56.18],[62.13,56.13],[62.11,56.08],[62.22,56.03],[62.21,55.94],[62.25,55.93],[62.31,55.98],[62.34,55.93],[62.27,55.89],[62.26,55.84],[62.42,55.82],[62.52,55.74],[62.51,55.67],[62.55,55.64],[62.46,55.57],[62.52,55.56],[62.59,55.5],[62.45,55.48],[62.48,55.44],[62.47,55.42],[62.38,55.43],[62.3,55.4],[62.21,55.44],[62.17,55.4],[62.24,55.37],[62.24,55.35],[62.03,55.29],[62.04,55.27],[62.23,55.21],[62.19,55.16],[62.27,55.13],[62.2,55.06],[62.2,55.0],[62.11,55.05],[61.97,55.02],[61.98,54.93],[62.09,54.88],[62.12,54.82],[62.04,54.77],[62.02,54.72],[62.09,54.7],[62.11,54.65],[62.15,54.64],[62.18,54.68],[62.27,54.65],[62.38,54.67],[62.43,54.73],[62.55,54.73],[62.57,54.7],[62.53,54.68],[62.59,54.62],[62.62,54.66],[62.71,54.63],[62.92,54.7],[63.19,54.69],[63.24,54.64],[63.23,54.6],[63.29,54.57],[63.3,54.53],[63.19,54.46],[63.13,54.48],[63.13,54.45],[63.19,54.41],[63.12,54.39],[63.13,54.35],[63.09,54.32],[63.2,54.31],[63.26,54.24],[63.33,54.25],[63.33,54.16]]]]},"properties":{"iso":"RU-CHE"}},{"type":"Feature","geometry":{"type":"MultiPolygon","coordinates":[[[[48.41,55.83],[48.22,55.7],[48.12,55.66],[48.08,55.68],[48.02,55.61],[48.06,55.6],[48.09,55.54],[47.97,55.5],[47.83,55.34],[47.7,55.32],[47.7,55.22],[47.79,55.22],[47.82,55.28],[47.89,55.24],[47.87,55.28],[47.92,55.31],[48.01,55.28],[48.01,55.24],[48.08,55.15],[48.07,55.1],[47.92,55.06],[48.03,55.02],[48.0,54.97],[47.79,54.94],[47.85,54.82],[47.8,54.82],[47.76,54.9],[47.75,54.83],[47.49,54.86],[47.43,54.89],[47.38,54.83],[47.37,54.75],[47.2,54.66],[47.06,54.69],[46.86,54.63],[46.41,54.79],[46.41,54.9],[46.29,54.96],[46.3,55.02],[46.26,55.05],[46.2,55.07],[46.16,54.97],[46.06,55.04],[46.1,55.2],[46.23,55.27],[46.22,55.36],[46.35,55.41],[46.39,55.45],[46.24,55.52],[46.12,55.53],[46.06,55.61],[45.98,55.62],[45.92,55.69],[45.96,55.74],[46.01,55.74],[45.99,55.78],[46.09,55.81],[46.09,55.86],[46.14,55.9],[46.1,55.94],[46.23,56.06],[46.54,56.14],[46.71,56.12],[47.04,56.28],[47.28,56.34],[47.38,56.33],[47.39,56.25],[47.45,56.18],[47.87,56.14],[47.99,55.95],[48.41,55.83]]]]},"properties":{"iso":"RU-CU"}},{"type":"Feature","geometry":{"type":"MultiPolygon","coordinates":[[[[45.97,42.02],[45.88,42.1],[45.62,42.22],[45.74,42.47],[45.83,42.49],[45.97,42.62],[46.01,42.59],[46.05,42.69],[46.17,42.73],[46.17,42.78],[46.12,42.84],[46.2,42.9],[46.29,42.87],[46.34,42.9],[46.39,42.87],[46.54,42.94],[46.49,43.01],[46.53,43.08],[46.44,43.07],[46.4,43.11],[46.45,43.18],[46.41,43.22],[46.43,43.31],[46.36,43.36],[46.33,43.43],[46.44,43.54],[46.49,43.68],[46.68,43.82],[46.62,43.82],[46.59,43.87],[46.46,43.88],[46.46,43.96],[46.42,44.0],[46.25,43.94],[46.2,43.85],[46.09,43.86],[46.05,43.82],[46.02,43.88],[46.04,43.93],[45.83,43.98],[45.73,43.95],[45.51,44.02],[45.51,44.19],[45.1,44.22],[45.13,44.27],[45.4,44.32],[45.45,44.39],[45.41,44.44],[45.23,44.47],[45.27,44.54],[45.27,44.59],[45.43,44.62],[45.65,44.8],[45.62,44.9],[45.71,44.98],[45.85,45.0],[46.43,44.94],[46.77,44.81],[46.79,44.77],[46.89,44.78],[46.83,44.7],[46.79,44.71],[46.72,44.66],[46.72,44.55],[46.68,44.53],[46.7,44.45],[46.77,44.39],[47.03,44.36],[47.12,44.22],[47.25,44.21],[47.29,44.09],[47.46,43.86],[47.44,43.82],[47.48,43.82],[47.5,43.78],[47.44,43.74],[47.46,43.69],[47.39,43.61],[47.37,43.62],[47.4,43.51],[47.47,43.55],[47.54,43.87],[47.6,43.9],[47.7,43.87],[47.6,43.77],[47.49,43.46],[47.49,43.3],[47.57,43.33],[47.59,43.3],[47.49,43.21],[47.46,43.02],[47.7,42.87],[47.73,42.66],[47.87,42.58],[47.99,42.42],[48.1,42.35],[48.3,42.1],[48.39,41.94],[48.58,41.85],[48.37,41.58],[48.2,41.49],[48.05,41.46],[48.0,41.36],[47.95,41.36],[47.89,41.28],[47.89,41.22],[47.74,41.19],[47.62,41.23],[47.55,41.21],[47.5,41.25],[47.38,41.26],[47.25,41.32],[47.24,41.42],[47.14,41.55],[47.03,41.56],[46.9,41.71],[46.77,41.78],[46.74,41.85],[46.57,41.79],[46.53,41.88],[46.29,41.94],[46.22,41.99],[46.1,41.99],[46.06,42.02],[45.97,42.02]]],[[[47.85,44.0],[47.87,43.98],[47.76,43.93],[47.63,43.96],[47.67,44.0],[47.85,44.0]]]]},"properties":{"iso":"RU-DA"}},{"type":"Feature","geometry":{"type":"MultiPolygon","coordinates":[[[[45.05,42.69],[44.86,42.76],[44.77,42.61],[44.62,42.78],[44.63,42.88],[44.85,42.84],[44.94,42.95],[44.92,43.06],[44.81,43.17],[44.67,43.25],[44.64,43.24],[44.66,43.21],[44.57,43.24],[44.57,43.39],[44.5,43.4],[44.54,43.6],[44.62,43.61],[44.62,43.55],[44.7,43.56],[44.71,43.61],[44.77,43.62],[44.79,43.58],[44.95,43.55],[45.07,43.47],[45.12,43.21],[45.17,43.13],[45.13,43.06],[45.16,42.95],[45.14,42.84],[45.18,42.81],[45.05,42.69]]]]},"properties":{"iso":"RU-IN"}},{"type":"Feature","geometry":{"type":"MultiPolygon","coordinates":[[[[41.63,57.75],[41.76,57.74],[42.03,57.59],[42.18,57.56],[42.35,57.58],[42.41,57.64],[42.65,57.64],[42.73,57.7],[42.78,57.7],[42.85,57.66],[42.86,57.57],[42.83,57.53],[42.87,57.5],[42.83,57.47],[42.82,57.42],[42.97,57.39],[43.16,57.43],[43.17,57.59],[43.21,57.63],[43.19,57.56],[43.21,57.42],[43.28,57.44],[43.31,57.52],[43.42,57.56],[43.48,57.62],[43.58,57.65],[43.54,57.57],[43.71,57.49],[43.71,57.42],[43.86,57.37],[43.8,57.36],[43.77,57.32],[43.7,57.34],[43.68,57.27],[43.54,57.26],[43.56,57.23],[43.5,57.2],[43.5,57.12],[43.61,57.11],[43.68,57.06],[43.5,56.91],[43.34,56.86],[43.16,56.87],[42.84,56.82],[42.79,56.67],[42.84,56.64],[42.9,56.64],[42.91,56.58],[42.83,56.53],[42.89,56.51],[42.88,56.47],[42.64,56.48],[42.64,56.44],[42.55,56.41],[42.29,56.47],[42.06,56.37],[41.96,56.39],[41.91,56.54],[41.59,56.49],[41.08,56.47],[40.96,56.53],[40.91,56.5],[40.83,56.55],[40.84,56.58],[40.71,56.6],[40.51,56.6],[40.46,56.53],[40.39,56.54],[40.16,56.43],[40.07,56.48],[39.95,56.48],[39.94,56.53],[39.83,56.61],[39.88,56.65],[39.86,56.78],[39.63,56.82],[39.48,56.77],[39.39,56.79],[39.39,56.84],[39.47,56.88],[39.46,56.92],[39.58,56.97],[39.52,57.02],[39.83,57.11],[39.84,57.18],[40.05,57.22],[40.18,57.21],[40.22,57.26],[40.19,57.27],[40.21,57.29],[40.51,57.28],[40.6,57.32],[41.01,57.34],[41.07,57.34],[41.17,57.44],[41.56,57.46],[41.61,57.56],[41.57,57.7],[41.63,57.75]]]]},"properties":{"iso":"RU-IVA"}},{"type":"Feature","geometry":{"type":"MultiPolygon","coordinates":[[[[42.62,43.14],[42.36,43.24],[42.41,43.31],[42.4,43.4],[42.48,43.5],[42.46,43.61],[42.66,43.68],[42.7,43.82],[42.85,43.82],[42.95,43.88],[43.11,43.9],[43.2,43.95],[43.27,43.91],[43.32,43.81],[43.46,43.87],[43.73,43.84],[43.8,43.94],[43.91,43.99],[44.26,43.92],[44.42,44.0],[44.42,43.95],[44.3,43.89],[44.28,43.75],[44.33,43.66],[44.43,43.65],[44.38,43.49],[44.4,43.42],[44.36,43.41],[44.32,43.43],[44.18,43.36],[44.16,43.42],[44.11,43.43],[44.04,43.36],[44.08,43.27],[44.02,43.21],[44.0,43.22],[44.01,43.25],[43.9,43.25],[43.85,43.31],[43.74,43.11],[43.56,42.94],[43.46,42.96],[43.39,42.89],[43.19,42.93],[43.0,43.04],[43.0,43.1],[42.83,43.17],[42.67,43.17],[42.62,43.14]]]]},"properties":{"iso":"RU-KB"}},{"type":"Feature","geometry":{"type":"MultiPolygon","coordinates":[[[[41.04,43.37],[40.69,43.52],[40.73,43.63],[40.7,43.66],[40.73,43.74],[40.72,43.8],[40.78,43.88],[40.78,43.92],[40.95,43.98],[40.92,44.05],[40.85,44.11],[40.87,44.13],[41.27,44.08],[41.29,44.0],[41.34,44.02],[41.33,43.98],[41.45,43.99],[41.55,44.09],[41.63,44.12],[41.71,44.23],[41.69,44.33],[41.6,44.37],[41.63,44.41],[41.85,44.49],[41.91,44.49],[41.97,44.39],[42.29,44.33],[42.35,44.31],[42.35,44.27],[42.56,44.29],[42.56,44.24],[42.43,44.2],[42.3,44.1],[42.39,43.97],[42.5,43.97],[42.49,44.03],[42.59,44.04],[42.56,43.98],[42.65,43.97],[42.61,43.93],[42.66,43.91],[42.68,43.81],[42.66,43.68],[42.46,43.61],[42.48,43.5],[42.4,43.4],[42.41,43.31],[42.36,43.24],[42.19,43.23],[42.04,43.18],[41.58,43.22],[41.41,43.29],[41.38,43.33],[41.28,43.33],[41.15,43.38],[41.04,43.37]]]]},"properties":{"iso":"RU-KC"}},{"type":"Feature","geometry":{"type":"MultiPolygon","coordinates":[[[[40.52,43.51],[40.23,43.58],[40.1,43.56],[39.99,43.39],[39.96,43.39],[39.87,43.5],[39.72,43.57],[39.33,43.9],[39.12,44.02],[38.98,44.15],[38.86,44.18],[38.76,44.27],[38.6,44.33],[38.22,44.39],[38.06,44.56],[37.98,44.56],[37.87,44.69],[37.78,44.73],[37.82,44.67],[37.8,44.64],[37.5,44.67],[37.37,44.75],[37.29,44.87],[37.31,44.91],[37.19,44.99],[36.84,45.11],[36.7,45.1],[36.58,45.19],[36.73,45.21],[36.96,45.28],[36.95,45.32],[36.79,45.29],[36.76,45.35],[36.8,45.31],[36.85,45.37],[36.78,45.39],[36.67,45.33],[36.71,45.39],[36.83,45.44],[37.14,45.34],[37.11,45.27],[37.07,45.26],[37.08,45.24],[37.32,45.27],[37.16,45.33],[37.38,45.31],[37.52,45.37],[37.5,45.33],[37.6,45.33],[37.57,45.3],[37.59,45.29],[37.64,45.33],[37.73,45.3],[37.7,45.34],[37.76,45.4],[37.72,45.39],[37.7,45.46],[37.74,45.45],[37.69,45.48],[37.7,45.56],[37.64,45.61],[37.62,45.59],[37.66,45.57],[37.64,45.55],[37.64,45.46],[37.62,45.42],[37.59,45.43],[37.6,45.64],[37.63,45.67],[37.61,45.64],[37.7,45.62],[37.67,45.67],[37.83,45.75],[37.94,46.02],[38.1,46.06],[38.03,46.03],[38.07,46.03],[38.04,45.96],[38.08,45.95],[38.0,45.83],[38.04,45.82],[38.17,46.12],[38.25,46.14],[38.43,46.04],[38.56,46.03],[38.57,46.1],[38.3,46.22],[38.27,46.27],[38.12,46.38],[37.98,46.4],[38.02,46.37],[38.0,46.35],[37.91,46.41],[37.83,46.48],[37.74,46.68],[37.85,46.62],[37.98,46.62],[38.27,46.73],[38.31,46.68],[38.46,46.65],[38.59,46.66],[38.57,46.71],[38.47,46.74],[38.38,46.71],[38.4,46.82],[38.47,46.86],[38.67,46.86],[38.69,46.82],[38.91,46.82],[38.85,46.71],[38.86,46.59],[38.88,46.63],[39.09,46.6],[39.17,46.62],[39.18,46.68],[39.24,46.7],[39.24,46.77],[39.44,46.81],[39.58,46.78],[40.02,46.76],[40.12,46.73],[40.1,46.64],[40.05,46.62],[40.05,46.55],[40.21,46.52],[40.23,46.46],[40.29,46.43],[40.23,46.35],[40.34,46.28],[40.73,46.28],[40.76,46.23],[40.91,46.23],[40.94,46.28],[41.0,46.29],[40.95,46.19],[40.99,46.13],[41.13,46.07],[41.17,45.9],[41.26,45.87],[41.23,45.82],[41.28,45.81],[41.28,45.76],[41.18,45.75],[41.17,45.7],[41.13,45.68],[41.03,45.71],[40.86,45.69],[40.84,45.53],[40.91,45.5],[40.92,45.43],[41.01,45.38],[41.03,45.22],[41.29,45.24],[41.36,45.21],[41.35,45.11],[41.46,44.99],[41.65,44.97],[41.66,44.91],[41.59,44.79],[41.53,44.73],[41.43,44.71],[41.41,44.69],[41.49,44.61],[41.55,44.6],[41.57,44.54],[41.73,44.49],[41.73,44.46],[41.6,44.37],[41.7,44.32],[41.7,44.21],[41.63,44.12],[41.55,44.09],[41.45,43.99],[41.33,43.98],[41.34,44.02],[41.29,44.0],[41.27,44.08],[40.91,44.14],[40.86,44.12],[40.95,43.98],[40.78,43.92],[40.78,43.88],[40.72,43.8],[40.73,43.74],[40.7,43.66],[40.73,43.63],[40.69,43.52],[40.62,43.54],[40.52,43.51]],[[39.75,45.13],[39.61,45.19],[39.32,45.0],[39.04,44.97],[38.9,45.05],[38.81,45.0],[38.69,45.04],[38.67,44.96],[39.06,44.81],[39.47,44.79],[39.57,44.81],[39.64,44.87],[39.57,44.94],[39.5,44.95],[39.5,45.04],[39.64,45.03],[39.67,45.01],[39.6,44.96],[39.64,44.94],[39.68,44.98],[39.74,44.93],[39.88,45.01],[39.92,44.98],[39.92,44.93],[39.96,44.92],[39.94,44.87],[40.03,44.74],[39.91,44.7],[39.92,44.59],[39.87,44.56],[39.87,44.47],[39.79,44.35],[39.89,44.34],[39.95,44.26],[40.08,44.24],[40.05,44.15],[39.96,44.06],[39.91,44.07],[39.81,44.18],[39.74,44.19],[39.71,44.14],[39.75,44.08],[39.73,44.01],[39.75,43.97],[39.72,43.93],[39.83,43.89],[39.92,43.9],[40.26,43.75],[40.32,43.76],[40.46,43.97],[40.38,44.03],[40.37,44.2],[40.44,44.29],[40.41,44.34],[40.41,44.5],[40.33,44.56],[40.32,44.61],[40.38,44.65],[40.4,44.74],[40.54,44.73],[40.56,44.67],[40.63,44.62],[40.68,44.54],[40.64,44.46],[40.75,44.47],[40.73,44.61],[40.63,44.71],[40.62,44.79],[40.53,44.92],[40.26,45.09],[40.16,45.11],[39.9,45.08],[39.75,45.13]]]]},"properties":{"iso":"RU-KDA"}},{"type":"Feature","geometry":{"type":"MultiPolygon","coordinates":[[[[21.37,55.29],[21.5,55.19],[21.61,55.19],[21.94,55.08],[22.0,55.09],[22.05,55.03],[22.25,55.07],[22.58,55.06],[22.63,54.96],[22.75,54.93],[22.84,54.83],[22.83,54.78],[22.72,54.72],[22.68,54.57],[22.68,54.45],[22.77,54.36],[19.61,54.46],[19.9,54.67],[19.96,54.77],[19.92,54.89],[19.98,54.96],[20.37,54.95],[20.48,54.98],[20.63,55.05],[20.92,55.28],[20.99,55.27],[20.53,54.96],[20.56,54.94],[20.76,54.95],[20.86,54.91],[21.09,54.9],[21.24,54.96],[21.18,55.2],[21.26,55.2],[21.27,55.25],[21.37,55.29]]]]},"properties":{"iso":"RU-KGD"}},{"type":"Feature","geometry":{"type":"MultiPolygon","coordinates":[[[[59.67,61.94],[59.51,61.97],[59.4,62.11],[59.51,62.31],[59.6,62.38],[59.59,62.43],[59.64,62.51],[59.51,62.55],[59.4,62.72],[59.45,62.78],[59.48,62.91],[59.42,62.94],[59.29,62.96],[59.22,63.07],[59.29,63.12],[59.26,63.2],[59.33,63.29],[59.29,63.34],[59.35,63.36],[59.32,63.4],[59.42,63.49],[59.49,63.61],[59.51,63.77],[59.57,63.83],[59.57,63.93],[59.77,64.0],[59.86,64.13],[59.73,64.15],[59.59,64.23],[59.58,64.28],[59.63,64.34],[59.61,64.45],[59.48,64.49],[59.61,64.62],[59.7,64.67],[59.64,64.72],[59.65,64.78],[59.75,64.86],[59.89,64.9],[60.15,65.06],[60.42,65.05],[60.44,65.01],[60.65,64.89],[60.81,65.04],[60.98,65.05],[61.11,65.16],[61.24,65.19],[61.33,65.28],[61.25,65.32],[61.41,65.39],[61.58,65.55],[61.69,65.58],[61.87,65.7],[62.02,65.72],[62.28,65.62],[62.33,65.54],[62.41,65.52],[62.37,65.45],[62.48,65.35],[62.82,65.29],[62.8,65.05],[62.68,64.89],[62.81,64.84],[62.83,64.81],[62.79,64.79],[62.81,64.74],[62.59,64.64],[62.54,64.55],[62.69,64.49],[62.9,64.48],[63.24,64.52],[63.46,64.46],[63.51,64.38],[63.41,64.33],[63.49,64.29],[63.88,64.28],[64.0,64.36],[64.48,64.36],[64.6,64.44],[64.76,64.43],[65.0,64.47],[65.18,64.45],[65.4,64.57],[65.88,64.57],[66.02,64.59],[66.47,64.51],[66.68,64.56],[66.94,64.49],[66.94,64.44],[66.89,64.38],[66.8,64.33],[66.82,64.23],[67.17,64.16],[67.17,64.13],[67.26,64.12],[67.28,64.08],[67.68,64.08],[67.8,64.03],[67.93,64.12],[68.18,64.18],[68.43,64.3],[68.88,64.22],[68.89,64.27],[68.99,64.33],[68.86,64.44],[69.01,64.47],[69.23,64.47],[69.39,64.39],[69.73,64.39],[69.83,64.34],[70.0,64.32],[70.31,64.34],[70.47,64.25],[70.67,64.24],[70.77,64.19],[70.78,64.11],[70.56,64.0],[70.64,63.9],[70.82,63.82],[70.91,63.69],[71.39,63.67],[71.55,63.59],[71.61,63.19],[71.81,63.22],[71.99,63.2],[72.16,63.3],[72.66,63.28],[72.91,63.39],[73.1,63.44],[73.28,63.32],[73.37,63.21],[74.24,63.17],[74.51,63.04],[74.91,63.03],[75.36,63.11],[75.86,63.11],[76.24,63.02],[76.3,62.95],[76.69,63.04],[76.82,62.99],[77.03,62.98],[77.16,62.79],[77.33,62.71],[77.89,62.56],[78.01,62.46],[78.38,62.57],[78.79,62.62],[79.82,62.6],[79.9,62.7],[79.91,62.79],[80.55,63.0],[80.58,63.08],[81.11,63.12],[81.17,62.97],[81.32,62.88],[81.34,62.83],[81.6,62.77],[81.63,62.73],[81.78,62.69],[82.16,62.81],[82.32,62.77],[82.75,62.75],[82.76,62.67],[83.01,62.59],[83.03,62.53],[83.28,62.46],[83.8,62.56],[83.94,62.48],[84.02,62.4],[84.24,62.37],[84.29,62.28],[84.4,62.23],[84.55,62.0],[84.52,61.94],[84.54,61.91],[84.64,61.87],[84.69,61.81],[85.0,61.79],[85.27,61.68],[85.38,61.7],[85.48,61.63],[85.72,61.57],[85.85,61.6],[85.96,61.54],[85.97,61.51],[85.95,61.46],[85.77,61.44],[85.64,61.39],[85.7,61.31],[85.67,61.29],[84.62,61.0],[84.26,60.86],[83.99,60.83],[83.5,61.05],[83.14,61.03],[82.41,60.72],[82.38,60.61],[82.17,60.53],[81.83,60.64],[81.5,60.62],[81.14,60.64],[81.06,60.68],[81.03,60.75],[80.72,60.8],[80.43,60.76],[80.19,60.66],[79.85,60.69],[79.37,60.66],[79.29,60.72],[79.31,60.8],[79.19,60.84],[78.81,60.78],[78.69,60.83],[78.47,60.78],[78.12,60.8],[77.92,60.75],[77.7,60.83],[77.41,60.81],[77.1,60.85],[77.07,60.73],[76.99,60.74],[76.97,60.71],[76.97,60.65],[77.03,60.63],[77.05,60.56],[76.81,60.47],[76.75,60.38],[76.75,60.35],[76.82,60.33],[76.85,60.27],[76.69,60.11],[76.76,60.07],[76.74,59.76],[76.66,59.69],[76.65,59.59],[76.44,59.54],[76.17,59.54],[76.0,59.42],[75.9,59.43],[75.82,59.29],[75.63,59.24],[75.69,59.04],[75.64,58.98],[75.37,58.79],[75.16,58.68],[75.16,58.65],[75.01,58.72],[74.9,58.7],[74.74,58.75],[74.1,58.74],[73.98,58.81],[73.76,58.81],[73.63,58.85],[73.44,58.82],[73.03,58.86],[73.09,58.95],[72.95,59.02],[72.98,59.1],[72.93,59.14],[72.86,59.16],[72.65,59.11],[72.52,59.16],[72.44,59.23],[72.44,59.3],[72.02,59.56],[71.88,59.57],[71.78,59.65],[71.3,59.8],[71.19,59.91],[70.99,59.82],[70.8,59.86],[70.4,59.82],[70.25,59.84],[70.15,59.9],[69.62,59.9],[69.57,59.92],[69.54,59.98],[69.31,59.99],[69.13,59.94],[69.07,59.9],[69.27,59.82],[69.3,59.78],[68.84,59.62],[68.57,59.57],[68.36,59.28],[68.2,59.24],[67.74,59.21],[67.56,59.09],[67.26,59.02],[67.07,58.92],[66.97,58.98],[66.78,58.93],[66.77,58.68],[66.38,58.59],[65.93,58.61],[65.67,58.66],[65.38,58.92],[65.2,59.22],[65.1,59.24],[65.02,59.33],[64.32,59.41],[64.03,59.4],[63.84,59.46],[63.8,59.79],[63.7,59.99],[63.64,60.05],[63.64,60.12],[63.6,60.15],[63.4,60.17],[63.2,60.23],[63.22,60.3],[63.09,60.46],[62.88,60.64],[62.76,60.86],[62.86,61.0],[62.62,61.21],[62.42,61.31],[61.93,61.4],[61.17,61.68],[60.43,61.75],[60.06,61.72],[59.98,61.76],[59.98,61.9],[59.78,61.95],[59.67,61.94]]]]},"properties":{"iso":"RU-KHM"}},{"type":"Feature","geometry":{"type":"MultiPolygon","coordinates":[[[[50.43,56.59],[50.32,56.68],[50.31,56.64],[50.2,56.66],[50.16,56.62],[50.07,56.62],[50.1,56.79],[50.02,56.86],[49.74,56.9],[49.73,56.94],[49.76,56.97],[49.71,57.07],[49.53,57.07],[49.41,57.03],[49.26,57.05],[49.23,57.13],[49.14,57.16],[49.21,57.29],[49.18,57.33],[49.01,57.28],[49.01,57.23],[49.05,57.21],[48.95,57.09],[48.85,57.09],[48.86,57.12],[48.83,57.16],[48.76,57.17],[48.57,57.17],[48.43,57.13],[48.3,57.17],[48.2,57.12],[48.24,57.1],[48.17,57.07],[48.2,57.03],[48.13,57.0],[47.99,57.01],[47.97,56.98],[47.93,57.01],[47.92,56.98],[47.83,57.0],[47.78,57.06],[47.73,57.05],[47.76,57.01],[47.62,56.97],[47.51,56.9],[47.5,56.85],[47.43,56.88],[47.16,56.82],[47.13,56.84],[47.16,56.85],[47.16,56.9],[47.08,56.93],[46.71,56.94],[46.75,56.98],[46.71,57.01],[46.76,57.04],[46.73,57.2],[46.83,57.2],[46.84,57.23],[46.68,57.35],[46.75,57.39],[46.7,57.39],[46.7,57.42],[46.8,57.46],[46.75,57.52],[47.04,57.49],[47.26,57.57],[47.47,57.53],[47.54,57.62],[47.57,57.8],[47.77,57.9],[47.7,57.96],[47.35,58.03],[46.43,58.02],[46.31,58.11],[46.41,58.21],[46.41,58.31],[46.48,58.34],[46.42,58.36],[46.59,58.44],[46.55,58.48],[46.59,58.56],[47.0,58.62],[47.01,58.69],[47.11,58.77],[47.22,58.75],[47.32,58.8],[47.28,58.82],[47.3,58.91],[47.45,58.92],[47.47,58.89],[47.6,58.91],[47.55,59.0],[47.57,59.06],[47.46,59.12],[47.44,59.16],[47.39,59.15],[47.24,59.22],[47.25,59.36],[47.06,59.38],[47.13,59.72],[47.09,59.76],[46.93,59.79],[46.92,59.82],[47.03,60.12],[46.91,60.13],[46.83,60.07],[46.6,60.07],[46.37,60.12],[46.35,60.21],[46.3,60.25],[46.75,60.26],[46.81,60.32],[46.88,60.48],[46.86,60.51],[47.05,60.58],[47.02,60.64],[46.96,60.67],[47.08,60.82],[47.04,60.85],[47.08,60.87],[47.1,60.96],[47.19,61.0],[47.2,61.05],[47.57,61.06],[47.96,61.01],[47.98,60.9],[48.42,60.85],[48.54,60.6],[48.49,60.53],[48.51,60.48],[48.61,60.44],[48.55,60.42],[48.75,60.37],[48.69,60.3],[48.46,60.19],[48.51,59.72],[49.07,59.66],[49.04,59.49],[49.14,59.51],[49.3,59.47],[49.36,59.42],[49.53,59.4],[49.51,59.25],[49.66,59.21],[49.79,59.23],[49.83,59.48],[49.79,59.51],[49.84,59.65],[50.05,59.68],[49.96,59.74],[49.98,59.77],[50.24,59.76],[50.29,59.81],[50.39,59.84],[50.81,59.86],[51.08,60.06],[51.31,60.03],[51.42,59.94],[51.53,59.95],[51.8,60.12],[51.92,60.26],[52.04,60.31],[52.45,60.2],[53.36,60.17],[53.46,60.2],[53.61,60.14],[53.71,60.0],[53.62,59.75],[53.59,59.71],[53.42,59.68],[53.35,59.5],[53.21,59.36],[53.23,59.3],[53.4,59.15],[53.72,59.09],[53.69,59.12],[53.75,59.14],[53.88,59.09],[53.84,59.03],[53.76,59.02],[53.73,58.94],[53.77,58.86],[53.92,58.78],[53.77,58.72],[53.71,58.61],[53.78,58.44],[53.5,58.45],[53.32,58.39],[53.17,58.46],[53.12,58.54],[52.92,58.53],[52.87,58.41],[52.33,58.45],[52.18,58.49],[51.97,58.46],[51.8,58.36],[51.79,58.28],[51.67,58.17],[51.79,58.13],[51.82,58.08],[51.79,58.04],[51.89,57.98],[51.84,57.85],[51.92,57.82],[51.93,57.76],[51.87,57.72],[51.85,57.63],[51.74,57.54],[51.63,57.54],[51.59,57.44],[51.4,57.48],[51.2,57.45],[51.12,57.31],[51.12,57.26],[51.19,57.2],[51.19,57.16],[51.24,57.14],[51.23,57.07],[51.33,57.0],[51.32,56.95],[51.54,56.88],[51.4,56.77],[51.38,56.68],[51.2,56.67],[51.17,56.56],[51.2,56.53],[51.14,56.5],[51.2,56.44],[51.29,56.44],[51.32,56.33],[51.42,56.29],[51.38,56.23],[51.46,56.22],[51.44,56.14],[51.34,56.12],[51.31,56.07],[51.22,56.1],[51.19,56.14],[51.07,56.13],[50.84,56.24],[50.91,56.3],[50.85,56.39],[50.77,56.4],[50.78,56.36],[50.73,56.33],[50.58,56.36],[50.62,56.4],[50.55,56.42],[50.45,56.55],[50.49,56.61],[50.43,56.59]]]]},"properties":{"iso":"RU-KIR"}},{"type":"Feature","geometry":{"type":"MultiPolygon","coordinates":[[[[47.5,45.57],[47.54,45.51],[47.5,45.43],[47.38,45.41],[47.46,45.39],[47.38,45.3],[47.38,45.2],[47.3,45.19],[47.2,44.97],[47.15,44.93],[47.1,44.96],[47.11,44.87],[47.08,44.79],[47.02,44.84],[47.0,44.92],[47.0,44.82],[46.96,44.77],[46.89,44.75],[46.88,44.78],[46.79,44.77],[46.77,44.81],[46.43,44.94],[45.85,45.0],[45.71,44.98],[45.71,45.01],[45.59,45.16],[44.74,45.5],[44.42,45.53],[44.21,45.61],[44.14,45.66],[44.08,45.8],[43.88,45.95],[43.39,46.02],[43.26,46.1],[42.99,46.18],[42.92,46.24],[42.84,46.2],[42.83,46.16],[42.52,45.99],[42.33,45.97],[42.33,46.12],[42.18,46.1],[42.16,45.96],[42.1,45.93],[42.04,45.97],[41.71,46.0],[41.65,46.17],[41.73,46.21],[41.86,46.16],[41.91,46.18],[41.96,46.29],[42.21,46.32],[42.17,46.39],[42.09,46.42],[42.03,46.54],[42.17,46.58],[42.41,46.52],[42.61,46.41],[42.78,46.39],[42.93,46.44],[43.36,46.17],[43.54,46.16],[43.62,46.2],[43.77,46.41],[43.84,46.36],[43.86,46.29],[43.96,46.34],[43.92,46.42],[43.93,46.53],[43.82,46.59],[43.93,46.72],[44.07,46.83],[44.16,46.83],[44.26,46.9],[44.33,47.11],[44.33,47.48],[44.25,47.51],[44.24,47.57],[44.13,47.54],[44.12,47.42],[43.97,47.39],[43.94,47.27],[43.8,47.28],[43.78,47.4],[43.64,47.58],[43.73,47.7],[44.0,47.79],[44.04,47.83],[44.02,47.87],[44.07,47.91],[44.39,47.87],[44.39,47.92],[44.47,47.98],[44.47,48.04],[44.33,48.06],[44.31,48.26],[44.53,48.21],[44.55,48.07],[44.57,48.06],[44.65,48.09],[44.83,48.07],[44.93,48.14],[44.96,48.21],[45.14,48.11],[45.4,48.09],[45.55,48.0],[45.72,48.03],[45.74,48.0],[45.71,47.89],[45.83,47.73],[45.91,47.71],[45.93,47.65],[46.12,47.5],[46.3,47.44],[46.39,47.44],[46.67,47.63],[46.81,47.58],[46.53,47.43],[46.52,47.39],[46.8,47.0],[46.92,46.97],[47.0,46.86],[47.13,46.85],[47.21,46.74],[47.15,46.67],[47.02,46.64],[46.94,46.57],[46.95,46.43],[46.66,46.43],[46.49,46.29],[46.87,46.24],[46.84,46.08],[47.09,46.12],[47.17,46.1],[47.11,46.01],[47.04,45.97],[46.89,45.58],[47.3,45.65],[47.36,45.69],[47.47,45.64],[47.5,45.57]]]]},"properties":{"iso":"RU-KL"}},{"type":"Feature","geometry":{"type":"MultiPolygon","coordinates":[[[[36.01,53.62],[35.91,53.64],[35.77,53.52],[35.64,53.55],[35.52,53.45],[35.45,53.44],[35.36,53.28],[35.28,53.32],[35.19,53.27],[35.1,53.31],[35.01,53.29],[35.01,53.39],[34.67,53.39],[34.5,53.43],[34.54,53.47],[34.49,53.57],[34.54,53.6],[34.29,53.82],[34.22,53.83],[34.2,53.89],[34.05,53.86],[33.95,53.9],[33.88,53.87],[33.78,53.98],[33.68,54.03],[33.5,54.02],[33.42,54.05],[33.55,54.1],[33.52,54.11],[33.62,54.18],[33.62,54.24],[33.59,54.25],[33.63,54.26],[33.68,54.32],[33.62,54.37],[33.67,54.45],[33.64,54.48],[33.73,54.56],[34.11,54.55],[34.38,54.42],[34.42,54.45],[34.39,54.5],[34.44,54.51],[34.5,54.63],[34.41,54.68],[34.65,54.66],[34.82,54.71],[34.92,54.77],[34.85,54.82],[34.87,54.88],[34.99,54.88],[35.06,54.96],[35.14,54.97],[35.13,55.01],[35.24,55.06],[35.3,55.19],[35.37,55.24],[35.47,55.22],[35.57,55.26],[35.57,55.29],[35.71,55.29],[36.14,55.18],[36.32,55.23],[36.36,55.26],[36.35,55.3],[36.56,55.32],[36.59,55.27],[36.75,55.26],[36.79,55.19],[36.92,55.22],[37.08,55.1],[37.09,55.04],[37.2,54.9],[37.19,54.87],[37.26,54.84],[37.18,54.72],[37.21,54.69],[37.07,54.54],[37.02,54.58],[36.81,54.61],[36.85,54.47],[36.91,54.46],[36.96,54.4],[36.93,54.29],[36.73,54.28],[36.71,54.32],[36.46,54.29],[36.41,54.21],[36.24,54.23],[36.2,54.16],[36.09,54.2],[36.02,54.19],[36.11,54.14],[36.07,54.12],[36.09,54.1],[36.17,54.11],[36.22,54.07],[36.12,54.03],[36.11,53.96],[36.03,53.94],[35.97,53.86],[35.91,53.85],[35.96,53.82],[35.93,53.79],[35.96,53.73],[36.06,53.7],[35.99,53.65],[36.01,53.62]]]]},"properties":{"iso":"RU-KLU"}},{"type":"Feature","geometry":{"type":"MultiPolygon","coordinates":[[[[59.49,61.99],[59.34,61.84],[59.34,61.8],[59.39,61.76],[59.35,61.68],[59.15,61.63],[59.02,61.55],[58.69,61.5],[57.2,61.51],[57.09,61.49],[56.68,61.52],[56.6,61.5],[56.54,61.43],[56.39,61.42],[56.32,61.33],[56.34,61.28],[56.29,61.21],[55.83,61.25],[55.72,61.09],[55.29,61.12],[55.2,61.01],[55.06,61.01],[54.98,60.86],[53.85,60.98],[53.8,60.85],[53.35,60.89],[53.37,61.03],[52.88,61.09],[52.79,60.95],[52.43,60.98],[52.35,60.84],[51.9,60.88],[51.78,60.6],[52.13,60.55],[52.14,60.47],[52.32,60.43],[52.35,60.38],[52.3,60.24],[52.06,60.32],[52.0,60.3],[51.9,60.24],[51.8,60.12],[51.52,59.95],[51.42,59.94],[51.31,60.03],[51.08,60.06],[50.81,59.86],[50.39,59.84],[50.29,59.81],[50.24,59.76],[49.98,59.77],[49.96,59.74],[50.05,59.68],[49.84,59.65],[49.79,59.51],[49.83,59.48],[49.79,59.23],[49.59,59.22],[49.51,59.25],[49.53,59.4],[49.36,59.42],[49.3,59.47],[49.14,59.51],[49.04,59.49],[49.07,59.66],[48.51,59.72],[48.46,60.19],[48.75,60.36],[48.68,60.4],[48.55,60.42],[48.61,60.44],[48.51,60.48],[48.49,60.53],[48.54,60.6],[48.42,60.85],[48.45,60.98],[48.51,61.05],[48.89,61.14],[48.95,61.12],[49.1,61.17],[49.31,61.19],[49.46,61.59],[49.42,61.62],[49.1,61.66],[49.05,61.69],[49.22,62.1],[49.27,62.11],[49.27,62.14],[49.37,62.15],[49.61,62.77],[48.88,62.83],[48.71,62.82],[48.66,62.71],[48.37,62.73],[48.23,62.46],[48.3,62.4],[48.29,62.32],[47.75,62.32],[47.65,62.3],[47.62,62.19],[47.41,62.19],[47.39,62.32],[47.23,62.35],[47.24,62.64],[47.08,62.84],[47.44,62.97],[47.52,63.04],[47.55,63.15],[47.38,63.16],[47.09,63.25],[46.95,63.34],[46.95,63.45],[47.02,63.56],[46.97,63.64],[46.82,63.75],[46.44,63.89],[45.88,63.96],[45.59,64.06],[45.43,64.17],[45.82,64.28],[46.32,64.26],[46.61,64.33],[48.12,64.35],[48.13,64.29],[48.2,64.24],[48.41,64.22],[48.52,64.36],[48.84,64.36],[48.95,64.49],[49.45,64.46],[49.6,64.59],[50.31,64.51],[50.47,64.79],[50.06,64.89],[49.64,65.27],[49.57,65.29],[49.0,65.24],[49.01,66.12],[51.51,66.78],[51.55,66.8],[51.48,66.83],[51.52,66.93],[51.81,66.95],[51.85,67.0],[52.02,67.03],[52.16,67.09],[53.77,67.0],[59.92,67.0],[59.87,66.97],[59.92,66.95],[60.08,66.99],[61.43,67.0],[61.66,67.02],[61.85,67.13],[62.82,67.39],[62.89,67.6],[63.33,67.75],[63.69,67.76],[63.71,67.81],[63.86,67.83],[63.95,67.89],[63.83,68.03],[64.32,68.13],[64.34,68.18],[64.42,68.2],[64.53,68.2],[64.5,68.33],[64.75,68.4],[65.01,68.39],[65.48,68.43],[65.27,68.23],[65.33,68.09],[65.29,68.01],[65.44,67.92],[65.78,67.92],[65.91,67.96],[66.09,67.93],[66.02,67.8],[66.2,67.74],[66.21,67.69],[66.1,67.65],[66.0,67.68],[65.85,67.65],[65.82,67.63],[65.86,67.61],[65.8,67.57],[66.04,67.58],[66.1,67.48],[65.94,67.39],[65.7,67.39],[65.68,67.37],[65.71,67.34],[65.66,67.31],[65.19,67.14],[65.22,67.08],[65.08,67.04],[65.11,67.0],[65.1,66.89],[64.58,66.8],[64.53,66.73],[64.41,66.72],[64.29,66.66],[63.98,66.65],[63.81,66.55],[63.54,66.47],[63.41,66.48],[63.24,66.33],[63.3,66.27],[63.3,66.24],[63.11,66.25],[63.01,66.2],[62.96,66.12],[62.86,66.07],[62.82,66.01],[62.88,65.98],[62.8,65.93],[62.85,65.87],[62.52,65.84],[62.13,65.73],[61.87,65.7],[61.69,65.58],[61.58,65.55],[61.41,65.39],[61.25,65.32],[61.33,65.28],[61.24,65.19],[61.11,65.16],[60.98,65.05],[60.81,65.04],[60.65,64.89],[60.44,65.01],[60.42,65.05],[60.15,65.06],[59.67,64.8],[59.64,64.73],[59.7,64.67],[59.61,64.62],[59.48,64.49],[59.61,64.45],[59.63,64.34],[59.58,64.28],[59.59,64.23],[59.73,64.15],[59.86,64.13],[59.77,64.0],[59.57,63.93],[59.57,63.83],[59.51,63.77],[59.49,63.61],[59.42,63.49],[59.32,63.4],[59.35,63.36],[59.29,63.34],[59.33,63.29],[59.26,63.2],[59.29,63.12],[59.22,63.07],[59.29,62.96],[59.42,62.94],[59.48,62.91],[59.45,62.78],[59.4,62.72],[59.51,62.55],[59.64,62.51],[59.59,62.43],[59.6,62.38],[59.51,62.31],[59.4,62.13],[59.49,61.99]]]]},"properties":{"iso":"RU-KO"}},{"type":"Feature","geometry":{"type":"MultiPolygon","coordinates":[[[[40.61,57.54],[40.67,57.59],[40.62,57.65],[40.61,57.93],[40.7,57.98],[40.75,58.06],[40.88,58.13],[40.88,58.19],[41.16,58.36],[41.08,58.4],[41.06,58.47],[41.02,58.49],[41.03,58.52],[40.93,58.58],[41.22,58.73],[41.13,58.8],[41.25,58.88],[41.24,58.91],[41.17,58.91],[41.17,58.95],[41.28,58.99],[41.34,58.96],[41.74,59.12],[41.87,59.09],[42.03,59.12],[42.08,59.16],[42.09,59.23],[41.96,59.29],[42.05,59.43],[42.18,59.4],[42.19,59.31],[42.28,59.26],[42.35,59.3],[42.6,59.32],[42.65,59.29],[42.67,59.23],[42.85,59.16],[43.03,59.21],[43.11,59.29],[43.34,59.21],[43.36,59.22],[43.34,59.27],[43.49,59.3],[43.53,59.17],[43.74,59.26],[43.94,59.21],[44.15,59.23],[44.2,59.18],[44.33,59.14],[44.99,59.12],[45.03,59.12],[45.07,59.18],[45.95,59.19],[46.03,59.3],[46.14,59.31],[46.17,59.34],[46.36,59.35],[46.41,59.63],[47.11,59.61],[47.06,59.38],[47.25,59.36],[47.24,59.22],[47.39,59.15],[47.44,59.16],[47.46,59.12],[47.57,59.06],[47.55,59.0],[47.6,58.91],[47.47,58.89],[47.45,58.92],[47.3,58.91],[47.28,58.82],[47.32,58.8],[47.22,58.75],[47.11,58.77],[47.01,58.69],[47.0,58.62],[46.59,58.56],[46.55,58.48],[46.58,58.43],[46.41,58.35],[46.48,58.34],[46.41,58.31],[46.41,58.21],[46.31,58.12],[46.34,58.07],[45.83,58.05],[45.73,58.02],[45.69,57.97],[45.56,57.94],[45.46,58.04],[45.02,58.09],[44.86,58.08],[44.79,57.96],[44.86,57.88],[44.74,57.71],[44.57,57.7],[44.34,57.53],[44.0,57.44],[43.85,57.43],[43.73,57.47],[43.54,57.57],[43.58,57.61],[43.58,57.65],[43.31,57.52],[43.26,57.42],[43.19,57.42],[43.21,57.63],[43.17,57.59],[43.16,57.43],[42.97,57.39],[42.85,57.39],[42.82,57.43],[42.87,57.5],[42.83,57.53],[42.86,57.57],[42.85,57.66],[42.78,57.7],[42.73,57.7],[42.65,57.64],[42.41,57.64],[42.35,57.58],[42.18,57.56],[42.03,57.59],[41.76,57.74],[41.63,57.75],[41.57,57.7],[41.61,57.56],[41.56,57.46],[41.17,57.44],[41.06,57.34],[40.6,57.32],[40.45,57.28],[40.44,57.39],[40.4,57.42],[40.45,57.44],[40.39,57.5],[40.49,57.5],[40.44,57.55],[40.5,57.58],[40.58,57.58],[40.61,57.54]]],[[[44.44,59.21],[44.49,59.16],[44.43,59.18],[44.44,59.21]]]]},"properties":{"iso":"RU-KOS"}},{"type":"Feature","geometry":{"type":"MultiPolygon","coordinates":[[[[29.55,66.43],[29.52,66.49],[29.36,66.63],[31.07,66.68],[31.56,66.66],[31.65,66.54],[31.8,66.49],[31.83,66.38],[31.9,66.36],[32.33,66.36],[32.36,66.47],[32.54,66.49],[32.59,66.58],[33.05,66.58],[33.17,66.56],[32.94,66.53],[33.05,66.51],[33.23,66.53],[33.35,66.48],[33.51,66.46],[33.6,66.5],[33.63,66.47],[33.59,66.46],[33.74,66.43],[33.52,66.41],[33.67,66.36],[33.63,66.34],[33.39,66.34],[33.31,66.32],[33.6,66.33],[33.87,66.27],[33.9,66.23],[34.1,66.25],[34.17,66.22],[34.16,66.19],[34.55,66.09],[34.72,65.99],[34.66,65.95],[34.72,65.93],[34.7,65.91],[34.85,65.9],[34.87,65.88],[34.83,65.84],[34.9,65.82],[34.87,65.77],[34.97,65.73],[34.9,65.71],[34.69,65.81],[34.69,65.73],[34.76,65.71],[34.69,65.69],[34.78,65.6],[34.63,65.49],[34.68,65.45],[34.51,65.46],[34.51,65.41],[34.37,65.42],[34.39,65.4],[34.3,65.39],[34.46,65.36],[34.48,65.28],[34.64,65.24],[34.61,65.23],[34.68,65.2],[34.63,65.17],[34.67,65.15],[34.66,65.13],[34.77,65.1],[34.75,65.05],[34.82,65.04],[34.7,64.98],[34.78,64.97],[34.94,64.86],[34.87,64.8],[34.76,64.77],[34.98,64.77],[35.01,64.74],[34.83,64.7],[34.98,64.61],[34.85,64.56],[34.74,64.56],[35.01,64.49],[34.96,64.45],[35.01,64.42],[35.31,64.37],[35.35,64.3],[35.59,64.32],[35.62,64.34],[35.58,64.41],[35.81,64.34],[35.98,64.2],[36.06,64.22],[36.23,64.14],[36.22,64.08],[36.28,64.05],[36.26,64.02],[36.29,64.01],[36.52,63.97],[36.52,63.87],[36.56,63.77],[36.47,63.68],[35.86,63.6],[36.03,63.47],[36.22,63.42],[36.27,63.3],[36.26,63.24],[36.41,63.21],[36.31,63.16],[36.26,63.03],[36.5,62.83],[36.76,62.72],[37.1,62.65],[37.35,62.68],[37.51,62.64],[37.59,62.46],[37.57,62.36],[37.43,62.21],[37.73,62.2],[37.81,62.0],[37.93,61.96],[37.94,61.9],[37.87,61.76],[37.88,61.72],[37.76,61.65],[37.77,61.52],[37.28,61.5],[37.26,61.54],[37.0,61.59],[36.85,61.54],[36.63,61.55],[36.47,61.41],[35.44,61.16],[35.33,61.18],[35.36,61.27],[35.33,61.29],[35.26,61.25],[34.82,61.28],[34.73,61.32],[34.53,61.27],[34.45,61.22],[34.45,61.16],[34.41,61.15],[34.22,61.24],[33.53,61.22],[33.45,61.17],[33.46,61.13],[33.58,61.07],[33.74,61.12],[33.87,61.07],[33.75,60.94],[33.42,61.0],[33.42,60.94],[33.24,60.89],[33.15,60.83],[33.21,60.81],[33.11,60.75],[32.91,60.72],[32.84,60.67],[32.7,60.65],[29.87,61.18],[29.58,61.17],[29.49,61.24],[29.28,61.3],[29.52,61.48],[29.78,61.59],[30.65,62.19],[30.93,62.3],[31.24,62.5],[31.44,62.79],[31.57,62.91],[31.48,62.99],[31.26,63.1],[31.2,63.21],[30.82,63.38],[30.46,63.47],[29.98,63.74],[30.2,63.79],[30.55,64.02],[30.59,64.08],[30.53,64.16],[30.56,64.22],[30.54,64.23],[30.03,64.4],[30.07,64.47],[29.99,64.5],[29.95,64.57],[30.18,64.64],[30.11,64.72],[30.12,64.77],[29.78,64.8],[29.7,64.84],[29.59,64.99],[29.63,65.06],[29.85,65.12],[29.81,65.14],[29.83,65.21],[29.58,65.24],[29.72,65.33],[29.73,65.49],[29.84,65.56],[29.7,65.63],[30.0,65.68],[30.1,65.66],[30.12,65.69],[30.08,65.82],[29.96,65.97],[29.9,66.11],[29.65,66.29],[29.55,66.43]]],[[[35.94,64.41],[36.04,64.36],[35.98,64.33],[35.86,64.39],[35.94,64.41]]],[[[35.87,65.03],[35.84,64.99],[35.74,64.96],[35.72,65.03],[35.56,65.05],[35.51,65.12],[35.66,65.17],[35.79,65.17],[35.87,65.08],[35.8,65.11],[35.78,65.07],[35.87,65.03]]],[[[36.01,65.05],[36.01,65.03],[35.89,65.04],[36.01,65.05]]],[[[36.21,65.16],[36.26,65.15],[36.07,65.13],[35.94,65.15],[35.99,65.19],[36.06,65.16],[36.21,65.16]]]]},"properties":{"iso":"RU-KR"}},{"type":"Feature","geometry":{"type":"MultiPolygon","coordinates":[[[[34.36,51.71],[34.41,51.74],[34.37,51.83],[34.38,51.88],[34.44,51.9],[34.34,51.93],[34.38,52.0],[34.52,52.07],[34.59,52.03],[34.68,52.07],[34.71,52.13],[34.66,52.16],[34.68,52.2],[34.84,52.2],[34.92,52.32],[34.9,52.35],[35.11,52.33],[35.24,52.39],[35.37,52.36],[35.4,52.41],[35.48,52.4],[35.55,52.43],[35.64,52.33],[35.63,52.25],[36.35,52.37],[36.49,52.24],[36.75,52.17],[36.82,52.12],[37.19,52.08],[37.2,52.04],[37.39,51.93],[37.51,52.01],[37.65,51.97],[37.76,52.01],[37.81,51.92],[37.87,51.92],[37.89,51.88],[38.0,51.88],[38.11,51.93],[38.2,51.91],[38.3,51.96],[38.3,51.92],[38.41,51.92],[38.43,51.81],[38.39,51.78],[38.51,51.73],[38.41,51.69],[38.21,51.71],[38.22,51.63],[38.14,51.63],[38.27,51.53],[38.29,51.37],[38.35,51.37],[38.29,51.29],[38.04,51.36],[38.04,51.42],[37.82,51.42],[37.67,51.37],[37.37,51.39],[37.25,51.33],[37.14,51.34],[37.12,51.23],[37.05,51.25],[36.95,51.18],[36.86,51.19],[36.61,51.08],[36.51,51.12],[36.48,51.09],[36.38,51.13],[36.26,51.1],[35.98,51.16],[35.94,51.12],[36.0,51.05],[35.88,51.01],[35.81,50.94],[35.73,50.97],[35.71,50.93],[35.61,50.94],[35.55,50.91],[35.46,50.96],[35.28,50.96],[35.28,50.99],[35.35,51.01],[35.35,51.04],[35.14,51.06],[35.08,51.21],[34.67,51.17],[34.61,51.23],[34.19,51.25],[34.28,51.3],[34.3,51.37],[34.19,51.39],[34.22,51.42],[34.22,51.51],[34.14,51.62],[34.08,51.64],[34.13,51.68],[34.36,51.71]]]]},"properties":{"iso":"RU-KRS"}},{"type":"Feature","geometry":{"type":"MultiPolygon","coordinates":[[[[28.0,60.66],[28.48,60.93],[28.61,60.96],[28.8,61.1],[29.13,61.21],[29.28,61.3],[29.49,61.24],[29.58,61.17],[29.87,61.18],[32.7,60.65],[32.84,60.67],[32.91,60.72],[33.11,60.75],[33.21,60.81],[33.15,60.83],[33.24,60.89],[33.42,60.94],[33.42,61.0],[33.75,60.94],[33.87,61.07],[33.74,61.12],[33.58,61.07],[33.46,61.13],[33.45,61.17],[33.53,61.22],[34.22,61.24],[34.41,61.15],[34.45,61.16],[34.45,61.22],[34.53,61.27],[34.73,61.32],[34.82,61.28],[35.26,61.25],[35.33,61.29],[35.36,61.27],[35.33,61.18],[35.44,61.16],[35.6,61.19],[35.69,61.13],[35.5,60.98],[35.52,60.93],[35.45,60.86],[35.28,60.85],[35.14,60.78],[35.24,60.66],[35.25,60.45],[35.23,60.33],[35.15,60.27],[35.14,60.14],[35.17,60.08],[35.09,60.02],[35.41,59.97],[35.47,59.92],[35.38,59.88],[35.41,59.71],[35.63,59.71],[35.64,59.65],[35.59,59.62],[35.5,59.65],[35.49,59.55],[35.43,59.53],[35.5,59.51],[35.49,59.49],[35.29,59.5],[35.45,59.43],[35.41,59.37],[35.32,59.34],[35.38,59.3],[34.95,59.23],[34.92,59.25],[34.8,59.1],[34.55,59.11],[34.25,59.2],[34.11,59.15],[34.0,59.15],[33.52,59.37],[33.35,59.38],[33.34,59.32],[33.26,59.32],[33.06,59.38],[33.01,59.43],[32.96,59.43],[32.93,59.38],[32.74,59.27],[32.76,59.2],[32.65,59.12],[32.58,59.18],[32.3,59.2],[32.31,59.26],[32.23,59.29],[32.12,59.39],[31.92,59.39],[31.81,59.31],[31.55,59.37],[31.53,59.26],[31.56,59.22],[31.51,59.2],[31.45,59.09],[31.37,59.06],[31.31,58.99],[31.26,58.98],[31.15,59.08],[31.0,59.07],[30.96,58.98],[30.73,58.83],[30.71,58.75],[30.39,58.71],[30.17,58.77],[30.1,58.73],[30.09,58.62],[30.17,58.54],[30.12,58.52],[30.12,58.49],[30.04,58.44],[29.66,58.45],[29.54,58.48],[29.56,58.53],[29.49,58.54],[29.46,58.59],[29.25,58.62],[29.3,58.65],[29.26,58.69],[28.96,58.78],[28.98,58.81],[28.55,58.87],[28.28,58.85],[28.12,58.99],[27.87,59.01],[27.7,58.98],[27.84,59.16],[27.88,59.28],[28.1,59.32],[28.0,59.33],[28.18,59.36],[28.02,59.48],[28.07,59.58],[28.0,59.68],[28.01,59.76],[28.12,59.79],[28.22,59.69],[28.38,59.67],[28.42,59.71],[28.43,59.81],[28.48,59.85],[28.54,59.86],[28.72,59.79],[28.83,59.79],[28.98,59.83],[29.03,59.89],[28.98,59.93],[29.16,60.0],[29.7,59.95],[29.68,59.87],[29.85,59.83],[30.11,59.66],[30.26,59.61],[30.5,59.63],[30.56,59.69],[30.75,59.73],[30.76,59.78],[30.51,59.86],[30.53,59.97],[30.35,60.06],[30.39,60.12],[29.63,60.27],[29.5,60.24],[29.42,60.17],[29.09,60.18],[28.86,60.3],[28.8,60.37],[28.75,60.34],[28.62,60.38],[28.44,60.56],[28.51,60.56],[28.54,60.51],[28.7,60.46],[28.66,60.53],[28.66,60.61],[28.69,60.62],[28.64,60.67],[28.73,60.69],[28.69,60.74],[28.57,60.68],[28.4,60.67],[28.38,60.62],[28.32,60.62],[28.34,60.59],[28.29,60.6],[28.22,60.55],[27.9,60.53],[27.86,60.57],[27.79,60.53],[28.0,60.66]]],[[[28.63,60.6],[28.58,60.58],[28.56,60.63],[28.6,60.65],[28.63,60.6]]],[[[27.89,60.01],[27.8,60.0],[27.82,60.03],[27.89,60.01]]],[[[27.02,60.04],[26.98,60.02],[26.95,60.1],[27.02,60.04]]],[[[28.71,60.29],[28.69,60.26],[28.62,60.27],[28.55,60.3],[28.54,60.35],[28.71,60.29]]],[[[28.52,60.34],[28.5,60.31],[28.43,60.36],[28.52,60.34]]]]},"properties":{"iso":"RU-LEN"}},{"type":"Feature","geometry":{"type":"MultiPolygon","coordinates":[[[[40.16,53.34],[40.11,53.28],[40.15,53.09],[40.09,53.02],[40.12,52.98],[40.08,52.96],[40.08,52.81],[39.95,52.74],[39.98,52.71],[39.95,52.66],[40.04,52.61],[40.05,52.57],[40.26,52.48],[40.34,52.4],[40.5,52.37],[40.58,52.3],[40.62,52.32],[40.69,52.28],[40.7,52.22],[40.62,52.13],[40.63,52.07],[40.51,52.04],[40.5,51.95],[40.16,51.97],[40.12,51.99],[40.03,51.95],[39.91,51.98],[39.84,51.92],[39.74,51.92],[39.5,51.97],[39.51,52.02],[39.45,52.08],[39.27,52.11],[39.16,52.09],[39.16,52.06],[39.11,52.06],[39.1,52.01],[39.04,51.99],[38.87,52.1],[38.81,52.09],[38.76,52.05],[38.69,52.1],[38.65,52.06],[38.38,52.0],[38.2,51.91],[38.11,51.93],[38.0,51.88],[37.89,51.89],[37.88,51.92],[37.81,51.91],[37.78,51.95],[37.75,52.02],[37.78,52.16],[37.85,52.21],[38.02,52.25],[37.99,52.28],[38.04,52.34],[37.96,52.41],[37.88,52.43],[37.9,52.48],[37.78,52.51],[37.81,52.56],[37.71,52.61],[37.81,52.64],[37.78,52.72],[37.87,52.78],[37.79,52.85],[37.84,52.88],[37.79,52.91],[37.91,53.07],[38.27,53.02],[38.33,52.96],[38.47,53.04],[38.59,53.05],[38.64,53.11],[38.58,53.17],[38.6,53.24],[38.48,53.31],[38.75,53.38],[38.7,53.5],[38.73,53.54],[38.89,53.57],[39.05,53.55],[39.18,53.39],[39.48,53.43],[39.52,53.46],[39.51,53.53],[39.73,53.59],[39.89,53.52],[39.9,53.42],[40.05,53.38],[40.12,53.4],[40.12,53.37],[40.16,53.34]]]]},"properties":{"iso":"RU-LIP"}},{"type":"Feature","geometry":{"type":"MultiPolygon","coordinates":[[[[50.07,56.62],[50.2,56.58],[49.98,56.44],[49.95,56.45],[49.96,56.5],[49.85,56.44],[49.75,56.47],[49.81,56.5],[49.79,56.53],[49.65,56.53],[49.57,56.5],[49.54,56.43],[49.46,56.43],[49.45,56.48],[49.42,56.48],[49.41,56.38],[49.33,56.35],[49.26,56.36],[49.23,56.4],[49.15,56.36],[49.09,56.39],[49.04,56.36],[49.02,56.3],[48.93,56.26],[49.05,56.21],[49.0,56.21],[48.83,56.07],[48.7,56.08],[48.68,55.95],[48.42,55.91],[48.41,55.83],[47.99,55.95],[47.87,56.14],[47.45,56.18],[47.37,56.33],[47.04,56.28],[46.71,56.12],[46.54,56.14],[46.21,56.05],[46.09,56.06],[46.07,56.18],[45.87,56.26],[45.87,56.3],[45.94,56.32],[45.92,56.38],[45.95,56.43],[45.78,56.43],[45.77,56.46],[45.66,56.46],[45.63,56.52],[45.66,56.59],[45.92,56.65],[45.9,56.69],[45.91,56.78],[45.97,56.87],[46.3,56.9],[46.34,56.95],[46.61,56.92],[46.69,56.97],[46.73,56.94],[46.94,56.95],[47.15,56.91],[47.16,56.85],[47.13,56.84],[47.16,56.82],[47.43,56.88],[47.5,56.85],[47.51,56.9],[47.62,56.97],[47.76,57.01],[47.73,57.05],[47.78,57.06],[47.83,57.0],[47.92,56.98],[47.93,57.01],[47.97,56.98],[47.99,57.01],[48.13,57.0],[48.2,57.03],[48.17,57.07],[48.24,57.1],[48.2,57.12],[48.3,57.17],[48.43,57.13],[48.57,57.17],[48.76,57.17],[48.83,57.16],[48.86,57.12],[48.85,57.09],[48.95,57.09],[49.05,57.21],[49.01,57.23],[49.01,57.28],[49.18,57.33],[49.21,57.29],[49.14,57.16],[49.23,57.13],[49.26,57.05],[49.41,57.03],[49.53,57.07],[49.71,57.07],[49.76,56.97],[49.73,56.94],[49.74,56.9],[50.02,56.86],[50.1,56.79],[50.07,56.62]]]]},"properties":{"iso":"RU-ME"}},{"type":"Feature","geometry":{"type":"MultiPolygon","coordinates":[[[[43.43,53.99],[43.31,54.02],[43.17,54.0],[43.13,53.97],[43.11,53.91],[43.16,53.9],[43.17,53.83],[43.08,53.86],[43.06,53.82],[42.92,53.8],[42.77,53.83],[42.74,53.76],[42.7,53.77],[42.72,53.81],[42.64,53.81],[42.57,53.76],[42.55,53.78],[42.57,53.83],[42.51,53.8],[42.53,53.73],[42.44,53.8],[42.31,53.85],[42.46,53.97],[42.43,54.02],[42.27,54.08],[42.28,54.12],[42.53,54.08],[42.56,54.11],[42.53,54.14],[42.6,54.19],[42.44,54.26],[42.26,54.17],[42.18,54.26],[42.28,54.24],[42.48,54.31],[42.53,54.37],[42.63,54.38],[42.59,54.44],[42.54,54.44],[42.56,54.49],[42.65,54.5],[42.62,54.54],[42.7,54.58],[42.61,54.65],[42.64,54.68],[42.62,54.72],[42.56,54.69],[42.42,54.74],[42.43,54.76],[42.39,54.8],[42.47,54.87],[42.62,54.79],[42.69,54.82],[42.75,54.79],[43.08,54.79],[43.16,54.9],[43.39,54.95],[43.61,54.9],[43.73,54.82],[43.95,54.81],[43.95,54.74],[44.11,54.73],[44.1,54.65],[44.38,54.59],[44.44,54.54],[44.55,54.53],[44.59,54.58],[44.64,54.58],[44.67,54.54],[44.6,54.47],[44.78,54.52],[44.93,54.47],[45.09,54.49],[45.15,54.52],[45.02,54.58],[45.09,54.66],[45.04,54.7],[45.05,54.75],[45.15,54.8],[45.2,54.75],[45.26,54.87],[45.42,54.88],[45.44,55.03],[45.47,55.08],[45.57,55.09],[45.55,55.12],[45.6,55.16],[45.71,55.18],[45.78,55.11],[45.74,55.08],[45.77,55.04],[45.69,54.99],[45.71,54.97],[45.95,55.0],[46.06,55.04],[46.16,54.97],[46.2,55.07],[46.28,55.04],[46.29,54.96],[46.41,54.9],[46.39,54.82],[46.44,54.77],[46.44,54.69],[46.52,54.65],[46.44,54.58],[46.54,54.58],[46.48,54.5],[46.59,54.5],[46.51,54.44],[46.55,54.4],[46.65,54.4],[46.74,54.37],[46.72,54.33],[46.49,54.28],[46.38,54.23],[46.02,54.19],[45.91,54.1],[45.88,54.03],[45.74,53.98],[45.71,53.92],[45.34,53.88],[45.18,53.98],[45.1,53.96],[44.87,53.97],[44.76,53.91],[44.63,53.9],[44.62,53.83],[44.74,53.7],[44.56,53.66],[44.42,53.73],[44.31,53.7],[44.2,53.76],[44.08,53.73],[43.99,53.75],[43.88,53.81],[43.9,53.83],[43.87,53.85],[43.93,53.87],[43.84,53.93],[43.55,54.01],[43.43,53.99]],[[42.5,54.75],[42.5,54.79],[42.44,54.8],[42.5,54.75]]]]},"properties":{"iso":"RU-MO"}},{"type":"Feature","geometry":{"type":"MultiPolygon","coordinates":[[[[37.12,54.99],[37.08,55.1],[36.9,55.23],[37.01,55.3],[36.91,55.43],[36.91,55.52],[37.02,55.52],[37.02,55.45],[37.17,55.45],[37.21,55.6],[37.41,55.66],[37.35,55.74],[37.43,55.88],[37.38,55.92],[37.41,55.94],[37.46,55.88],[37.61,55.9],[37.8,55.84],[37.89,55.74],[37.88,55.72],[37.84,55.72],[37.76,55.6],[37.66,55.57],[37.57,55.36],[37.46,55.38],[37.41,55.32],[37.46,55.28],[37.42,55.18],[37.34,55.12],[37.28,55.15],[37.22,55.08],[37.21,55.02],[37.12,54.99]]],[[[37.2,56.06],[37.29,56.03],[37.3,56.0],[37.25,55.96],[37.18,55.99],[37.2,56.06]]],[[[37.08,55.74],[37.16,55.73],[37.15,55.7],[36.99,55.68],[37.0,55.73],[37.08,55.74]]]]},"properties":{"iso":"RU-MOS"}},{"type":"Feature","geometry":{"type":"MultiPolygon","coordinates":[[[[36.6,55.27],[36.58,55.32],[36.42,55.32],[36.35,55.3],[36.36,55.26],[36.32,55.23],[36.14,55.18],[35.71,55.29],[35.57,55.29],[35.57,55.26],[35.47,55.22],[35.37,55.24],[35.3,55.3],[35.3,55.46],[35.32,55.5],[35.28,55.56],[35.38,55.56],[35.4,55.61],[35.31,55.72],[35.35,55.78],[35.25,55.88],[35.25,55.91],[35.22,55.91],[35.17,55.96],[35.23,56.03],[35.33,56.06],[35.3,56.11],[35.38,56.18],[35.37,56.23],[35.52,56.26],[35.53,56.33],[35.5,56.35],[35.55,56.37],[35.46,56.46],[35.65,56.47],[35.77,56.39],[35.98,56.39],[36.08,56.34],[36.17,56.41],[36.52,56.44],[36.55,56.49],[36.83,56.58],[37.05,56.52],[37.15,56.58],[37.13,56.63],[37.16,56.68],[37.12,56.71],[37.15,56.75],[37.5,56.78],[37.56,56.85],[37.55,56.91],[37.72,56.95],[37.88,56.87],[37.94,56.88],[38.01,56.77],[38.26,56.77],[38.37,56.7],[38.32,56.67],[38.35,56.64],[38.29,56.53],[38.39,56.46],[38.4,56.26],[38.46,56.22],[38.51,56.23],[38.49,56.18],[38.56,56.08],[38.6,55.96],[38.73,55.95],[38.84,55.9],[39.02,55.93],[39.05,55.85],[39.32,55.83],[39.31,55.78],[39.36,55.76],[39.86,55.83],[39.9,55.8],[39.9,55.73],[40.09,55.61],[40.04,55.52],[40.14,55.51],[40.18,55.45],[40.14,55.43],[40.14,55.41],[40.21,55.31],[40.01,55.2],[39.83,55.18],[39.72,55.13],[39.77,55.1],[39.86,55.12],[39.89,55.08],[39.81,55.0],[39.68,55.02],[39.49,54.94],[39.38,54.85],[39.33,54.75],[39.35,54.73],[39.24,54.71],[39.23,54.64],[38.96,54.59],[38.92,54.62],[38.82,54.6],[38.78,54.55],[38.79,54.46],[38.92,54.4],[38.74,54.35],[38.68,54.24],[38.52,54.29],[38.5,54.39],[38.39,54.47],[38.38,54.51],[38.52,54.59],[38.47,54.64],[38.22,54.66],[38.05,54.71],[38.03,54.76],[37.96,54.77],[37.94,54.83],[37.76,54.82],[37.76,54.74],[37.67,54.71],[37.56,54.74],[37.45,54.83],[37.26,54.84],[37.19,54.87],[37.2,54.9],[37.12,54.99],[37.21,55.02],[37.22,55.08],[37.28,55.15],[37.34,55.12],[37.42,55.18],[37.46,55.28],[37.41,55.32],[37.46,55.38],[37.57,55.36],[37.66,55.57],[37.76,55.6],[37.84,55.72],[37.88,55.72],[37.89,55.74],[37.8,55.84],[37.61,55.9],[37.46,55.88],[37.41,55.94],[37.38,55.92],[37.43,55.88],[37.35,55.74],[37.41,55.66],[37.21,55.6],[37.17,55.45],[37.02,55.45],[37.02,55.52],[36.91,55.52],[36.91,55.43],[37.01,55.3],[36.87,55.2],[36.79,55.19],[36.75,55.26],[36.6,55.27]],[[37.25,55.96],[37.3,56.0],[37.29,56.03],[37.2,56.06],[37.18,55.99],[37.25,55.96]],[[37.04,55.67],[37.15,55.7],[37.16,55.73],[37.0,55.73],[36.99,55.68],[37.04,55.67]]]]},"properties":{"iso":"RU-MOW"}},{"type":"Feature","geometry":{"type":"MultiPolygon","coordinates":[[[[28.44,68.87],[28.41,68.9],[29.17,69.07],[29.24,69.12],[29.38,69.3],[29.95,69.37],[30.12,69.44],[30.15,69.51],[30.23,69.56],[30.21,69.61],[30.12,69.63],[30.23,69.64],[30.51,69.54],[30.85,69.53],[30.93,69.58],[30.93,69.67],[30.84,69.81],[31.28,69.76],[31.41,69.72],[31.3,69.61],[31.48,69.7],[31.81,69.69],[31.7,69.74],[31.73,69.77],[31.71,69.83],[31.85,69.85],[32.03,69.78],[32.1,69.79],[31.91,69.94],[31.96,69.97],[32.05,69.96],[32.27,69.88],[32.49,69.85],[32.52,69.8],[32.92,69.78],[33.13,69.73],[33.11,69.65],[32.87,69.58],[32.44,69.65],[32.17,69.65],[32.17,69.73],[32.11,69.75],[32.1,69.67],[31.97,69.65],[32.06,69.64],[32.02,69.56],[32.13,69.6],[32.4,69.58],[32.43,69.56],[32.39,69.54],[32.5,69.52],[32.19,69.43],[32.29,69.43],[32.54,69.51],[32.6,69.48],[32.9,69.48],[32.77,69.41],[32.89,69.46],[33.08,69.48],[32.86,69.37],[32.82,69.3],[32.9,69.31],[32.99,69.39],[33.32,69.45],[33.52,69.43],[33.41,69.37],[33.5,69.38],[33.38,69.31],[33.24,69.27],[33.45,69.29],[33.48,69.27],[33.3,69.23],[33.54,69.21],[33.32,69.12],[33.06,69.08],[33.02,69.04],[33.02,68.95],[33.06,69.06],[33.43,69.1],[33.58,69.2],[33.57,69.3],[33.72,69.34],[33.72,69.3],[33.87,69.31],[33.85,69.34],[34.42,69.31],[34.66,69.25],[34.98,69.23],[34.97,69.19],[35.09,69.23],[35.17,69.18],[35.26,69.22],[35.15,69.27],[35.18,69.28],[35.97,69.18],[36.05,69.13],[36.25,69.11],[36.31,69.06],[36.52,69.03],[37.21,68.85],[37.24,68.81],[37.45,68.74],[37.68,68.71],[37.95,68.6],[38.07,68.51],[38.33,68.44],[38.39,68.4],[38.39,68.34],[38.44,68.36],[38.77,68.29],[38.51,68.37],[38.64,68.38],[38.93,68.31],[38.95,68.27],[39.52,68.08],[39.86,68.05],[39.71,68.17],[39.79,68.16],[39.91,68.12],[40.0,68.02],[40.41,67.88],[40.32,67.84],[40.47,67.76],[40.54,67.75],[40.56,67.81],[40.65,67.81],[40.8,67.73],[40.97,67.73],[41.05,67.65],[40.99,67.56],[41.01,67.54],[41.0,67.47],[41.15,67.42],[41.11,67.25],[41.24,67.21],[41.34,67.22],[41.36,67.2],[41.34,67.16],[41.39,67.12],[41.34,67.09],[41.36,67.01],[41.27,66.99],[41.3,66.95],[41.18,66.81],[40.74,66.6],[40.71,66.53],[40.44,66.41],[40.08,66.29],[39.34,66.13],[38.55,66.05],[37.66,66.12],[37.27,66.23],[36.89,66.29],[36.41,66.29],[35.56,66.39],[35.38,66.42],[34.8,66.61],[34.48,66.54],[34.36,66.63],[34.52,66.66],[34.09,66.67],[34.16,66.74],[34.14,66.77],[34.07,66.7],[33.95,66.68],[33.89,66.71],[33.83,66.7],[33.76,66.77],[33.52,66.83],[33.52,66.8],[33.63,66.75],[33.52,66.78],[33.57,66.74],[33.49,66.77],[33.56,66.73],[33.48,66.73],[33.1,66.86],[32.8,67.01],[32.82,67.06],[32.97,67.09],[32.77,67.09],[32.38,67.16],[31.85,67.15],[31.93,67.15],[31.91,67.12],[32.26,67.12],[32.36,67.07],[32.29,67.08],[32.31,67.06],[32.42,67.05],[32.55,67.0],[32.51,66.95],[32.39,66.95],[32.5,66.93],[32.42,66.89],[32.55,66.88],[32.68,66.83],[32.67,66.81],[32.89,66.78],[32.93,66.74],[32.77,66.74],[32.97,66.69],[33.18,66.69],[33.32,66.63],[33.16,66.65],[33.03,66.59],[32.59,66.58],[32.54,66.49],[32.36,66.47],[32.33,66.36],[31.9,66.36],[31.83,66.38],[31.8,66.49],[31.65,66.54],[31.56,66.66],[31.07,66.68],[29.36,66.63],[29.09,66.84],[29.05,66.91],[29.1,66.99],[29.52,67.3],[29.92,67.51],[30.01,67.69],[29.65,67.82],[29.33,68.07],[28.69,68.18],[28.45,68.53],[28.72,68.73],[28.8,68.84],[28.73,68.87],[28.44,68.87]]],[[[33.05,66.58],[33.26,66.62],[33.42,66.59],[33.54,66.54],[33.05,66.58]]],[[[32.39,67.13],[32.39,67.1],[32.34,67.12],[32.39,67.13]]],[[[34.03,69.39],[34.22,69.41],[34.41,69.35],[33.98,69.37],[34.03,69.39]]]]},"properties":{"iso":"RU-MUR"}},{"type":"Feature","geometry":{"type":"MultiPolygon","coordinates":[[[[34.73,59.1],[34.75,59.06],[34.88,59.05],[34.83,58.99],[35.04,58.92],[35.17,58.93],[35.12,58.82],[35.22,58.83],[35.21,58.8],[35.27,58.76],[35.4,58.84],[35.64,58.81],[35.73,58.83],[35.82,58.79],[35.77,58.78],[35.77,58.75],[35.96,58.75],[36.11,58.7],[36.14,58.62],[36.24,58.59],[36.16,58.51],[35.96,58.47],[35.95,58.43],[35.39,58.43],[35.26,58.38],[35.28,58.36],[35.26,58.27],[35.05,58.2],[34.95,58.23],[34.77,58.24],[34.68,58.2],[34.71,58.17],[34.71,58.1],[34.68,58.08],[34.49,58.15],[34.14,58.21],[34.05,58.19],[34.0,58.22],[33.88,58.15],[33.68,58.15],[33.64,58.13],[33.65,58.1],[33.54,58.06],[33.69,58.0],[33.7,57.92],[33.58,57.85],[33.54,57.72],[33.32,57.65],[33.31,57.57],[33.23,57.54],[33.29,57.43],[33.09,57.47],[33.05,57.44],[32.81,57.46],[32.69,57.4],[32.65,57.33],[32.39,57.24],[32.26,57.28],[32.28,57.2],[32.13,57.18],[31.94,57.08],[31.89,57.12],[31.71,57.1],[31.67,57.06],[31.68,57.01],[31.54,56.94],[31.31,56.97],[31.12,56.93],[31.0,56.97],[30.84,56.94],[30.65,56.97],[30.67,57.14],[30.64,57.18],[30.77,57.26],[30.52,57.32],[30.44,57.37],[30.49,57.39],[30.49,57.48],[30.61,57.62],[30.47,57.68],[30.52,57.75],[30.41,57.78],[30.52,57.81],[30.54,57.88],[29.94,57.95],[29.92,57.98],[30.0,58.04],[29.93,58.02],[29.8,58.09],[29.68,58.08],[29.69,58.17],[29.66,58.24],[30.17,58.53],[30.09,58.63],[30.1,58.74],[30.18,58.77],[30.39,58.71],[30.71,58.75],[30.73,58.83],[30.96,58.98],[30.98,59.06],[31.02,59.08],[31.15,59.08],[31.26,58.98],[31.31,58.99],[31.37,59.06],[31.45,59.09],[31.51,59.2],[31.56,59.22],[31.53,59.26],[31.55,59.37],[31.81,59.31],[31.92,59.39],[32.12,59.39],[32.23,59.29],[32.31,59.26],[32.3,59.2],[32.58,59.18],[32.65,59.12],[32.76,59.2],[32.74,59.27],[32.93,59.38],[32.96,59.43],[33.01,59.43],[33.06,59.38],[33.26,59.32],[33.34,59.32],[33.35,59.38],[33.52,59.37],[34.0,59.15],[34.11,59.15],[34.25,59.2],[34.55,59.11],[34.73,59.1]]]]},"properties":{"iso":"RU-NGR"}},{"type":"Feature","geometry":{"type":"MultiPolygon","coordinates":[[[[45.72,54.97],[45.69,54.99],[45.77,55.04],[45.74,55.08],[45.78,55.12],[45.74,55.17],[45.6,55.16],[45.55,55.12],[45.57,55.09],[45.49,55.09],[45.44,55.03],[45.42,54.88],[45.26,54.87],[45.2,54.75],[45.15,54.8],[45.05,54.75],[45.04,54.7],[45.09,54.66],[45.02,54.58],[45.15,54.52],[45.13,54.5],[44.93,54.47],[44.76,54.52],[44.61,54.47],[44.67,54.54],[44.64,54.58],[44.59,54.58],[44.55,54.53],[44.44,54.54],[44.38,54.59],[44.1,54.65],[44.11,54.73],[43.95,54.74],[43.95,54.81],[43.73,54.82],[43.59,54.91],[43.39,54.95],[43.25,54.94],[43.15,54.9],[43.08,54.79],[42.75,54.79],[42.69,54.82],[42.62,54.79],[42.47,54.87],[42.44,54.96],[42.47,55.01],[42.29,54.99],[42.17,54.95],[41.96,55.0],[42.01,55.02],[41.98,55.05],[41.99,55.09],[41.85,55.06],[41.78,55.11],[41.89,55.17],[41.9,55.2],[41.86,55.24],[41.95,55.28],[41.93,55.33],[42.0,55.34],[42.01,55.37],[42.13,55.44],[42.07,55.48],[42.04,55.61],[42.12,55.61],[42.11,55.66],[42.26,55.76],[42.39,55.78],[42.49,55.85],[42.48,55.9],[42.58,55.98],[42.64,55.95],[42.69,56.0],[42.68,56.09],[42.7,56.13],[42.95,56.17],[42.75,56.22],[42.76,56.31],[42.59,56.42],[42.64,56.44],[42.64,56.48],[42.88,56.47],[42.89,56.51],[42.83,56.53],[42.91,56.58],[42.9,56.64],[42.84,56.64],[42.79,56.67],[42.83,56.8],[43.16,56.87],[43.34,56.86],[43.5,56.91],[43.68,57.06],[43.61,57.11],[43.5,57.12],[43.5,57.2],[43.56,57.23],[43.54,57.26],[43.68,57.27],[43.7,57.34],[43.77,57.32],[43.8,57.36],[43.86,57.37],[43.71,57.42],[43.73,57.47],[43.85,57.43],[44.06,57.45],[44.41,57.57],[44.57,57.7],[44.74,57.71],[44.86,57.88],[44.79,57.96],[44.86,58.08],[45.02,58.09],[45.46,58.04],[45.56,57.94],[45.69,57.97],[45.73,58.02],[45.83,58.05],[46.34,58.07],[46.44,58.02],[47.35,58.03],[47.74,57.94],[47.76,57.88],[47.57,57.8],[47.54,57.62],[47.47,57.53],[47.26,57.57],[47.04,57.49],[46.75,57.52],[46.8,57.46],[46.7,57.42],[46.7,57.39],[46.75,57.39],[46.68,57.35],[46.84,57.23],[46.83,57.2],[46.73,57.2],[46.76,57.04],[46.71,57.01],[46.75,56.97],[46.67,56.96],[46.6,56.92],[46.34,56.95],[46.3,56.9],[45.96,56.87],[45.91,56.78],[45.9,56.69],[45.92,56.65],[45.64,56.58],[45.63,56.52],[45.66,56.46],[45.77,56.46],[45.79,56.42],[45.95,56.43],[45.92,56.38],[45.94,56.32],[45.87,56.3],[45.87,56.26],[46.07,56.18],[46.09,56.06],[46.21,56.05],[46.1,55.94],[46.14,55.9],[46.09,55.86],[46.09,55.81],[45.99,55.78],[46.01,55.74],[45.96,55.74],[45.92,55.69],[45.98,55.62],[46.06,55.61],[46.12,55.53],[46.24,55.52],[46.39,55.45],[46.35,55.41],[46.22,55.36],[46.23,55.27],[46.1,55.2],[46.06,55.14],[46.08,55.06],[46.03,55.02],[45.72,54.97]]]]},"properties":{"iso":"RU-NIZ"}},{"type":"Feature","geometry":{"type":"MultiPolygon","coordinates":[[[[71.14,54.73],[71.01,54.77],[70.99,54.85],[70.95,54.89],[70.98,55.08],[70.79,55.23],[70.82,55.29],[70.72,55.31],[70.56,55.27],[70.47,55.29],[70.5,55.35],[70.48,55.42],[70.55,55.49],[70.69,55.51],[70.75,55.59],[70.56,55.67],[70.55,55.73],[70.59,55.8],[70.77,55.84],[70.51,55.85],[70.48,55.88],[70.76,55.9],[70.86,55.97],[70.91,56.13],[70.83,56.16],[70.81,56.2],[70.85,56.24],[70.77,56.29],[70.93,56.35],[70.94,56.4],[70.86,56.46],[70.77,56.46],[70.81,56.49],[70.95,56.49],[71.05,56.54],[71.11,56.64],[71.04,56.69],[71.36,56.67],[71.42,56.73],[71.56,56.73],[71.6,56.8],[71.67,56.84],[71.62,56.95],[71.37,57.06],[71.22,57.2],[71.09,57.22],[71.14,57.26],[71.1,57.3],[71.1,57.34],[70.8,57.32],[70.75,57.27],[70.78,57.21],[70.61,57.2],[70.65,57.26],[70.5,57.3],[70.43,57.38],[70.44,57.41],[70.69,57.52],[70.69,57.57],[70.67,57.59],[70.58,57.58],[70.57,57.7],[70.5,57.71],[70.48,57.76],[70.43,57.78],[70.43,57.87],[70.38,57.92],[70.44,57.93],[70.86,58.53],[71.08,58.52],[71.13,58.45],[71.3,58.39],[71.24,58.34],[71.22,58.17],[71.25,58.08],[71.99,58.12],[72.15,58.03],[72.86,58.01],[73.09,58.15],[74.21,58.13],[74.48,58.27],[74.61,58.29],[74.67,58.35],[74.88,58.43],[74.9,58.48],[75.11,58.58],[75.3,58.49],[75.3,58.45],[75.07,58.34],[75.22,58.22],[75.08,58.12],[75.56,57.93],[75.58,57.66],[75.73,57.6],[75.86,57.4],[75.99,57.38],[76.11,57.25],[76.2,56.97],[76.25,56.91],[76.28,56.74],[76.15,56.63],[76.05,56.62],[76.01,56.55],[75.87,56.5],[75.85,56.46],[75.88,56.44],[75.94,56.48],[76.01,56.46],[76.05,56.48],[76.14,56.45],[76.08,56.41],[76.11,56.32],[76.3,56.24],[76.31,56.19],[76.17,56.15],[76.15,56.18],[76.0,56.18],[75.94,56.13],[75.76,56.14],[75.7,56.07],[75.55,56.05],[75.31,55.89],[75.3,55.84],[75.37,55.81],[75.35,55.77],[75.09,55.75],[75.13,55.7],[75.23,55.66],[75.14,55.6],[75.32,55.54],[75.31,55.5],[75.18,55.46],[75.1,55.38],[75.26,55.27],[75.25,55.14],[75.39,55.04],[75.34,54.92],[75.54,54.9],[75.5,54.84],[75.65,54.81],[75.7,54.69],[75.79,54.7],[75.83,54.61],[75.79,54.56],[75.69,54.53],[75.69,54.11],[75.46,54.1],[75.36,54.06],[75.43,53.99],[75.03,53.81],[74.77,53.83],[74.73,53.77],[74.65,53.75],[74.62,53.68],[74.45,53.68],[74.42,53.6],[74.46,53.57],[74.39,53.46],[74.27,53.52],[74.22,53.59],[74.08,53.57],[74.06,53.62],[73.9,53.64],[73.79,53.6],[73.65,53.61],[73.64,53.56],[73.58,53.56],[73.41,53.43],[73.35,53.46],[73.39,53.52],[73.23,53.57],[73.26,53.61],[73.23,53.66],[73.31,53.69],[73.35,53.79],[73.44,53.81],[73.39,53.83],[73.43,53.87],[73.68,53.87],[73.74,54.06],[73.6,54.07],[73.59,54.02],[73.53,54.01],[73.52,53.96],[73.39,53.97],[73.36,53.94],[73.06,53.98],[72.98,54.05],[72.94,54.12],[72.62,54.13],[72.53,54.1],[72.5,54.05],[72.66,54.04],[72.7,53.96],[72.56,53.98],[72.48,53.91],[72.39,53.91],[72.37,53.94],[72.42,54.02],[72.36,54.09],[72.48,54.14],[72.3,54.18],[72.32,54.25],[72.18,54.36],[72.04,54.38],[72.03,54.36],[72.1,54.31],[72.07,54.22],[72.17,54.2],[72.18,54.14],[72.1,54.13],[71.98,54.23],[71.76,54.25],[71.72,54.21],[71.71,54.13],[71.65,54.11],[71.57,54.13],[71.48,54.11],[71.45,54.18],[71.32,54.2],[71.16,54.1],[71.04,54.19],[71.05,54.26],[70.98,54.27],[70.97,54.31],[71.0,54.33],[71.19,54.32],[71.2,54.4],[71.17,54.42],[71.14,54.56],[71.15,54.59],[71.25,54.63],[71.26,54.66],[71.2,54.72],[71.14,54.73]]],[[[70.79,56.05],[70.79,56.0],[70.74,56.0],[70.79,56.05]]],[[[70.74,55.96],[70.77,55.95],[70.7,55.95],[70.74,55.96]]]]},"properties":{"iso":"RU-OMS"}},{"type":"Feature","geometry":{"type":"MultiPolygon","coordinates":[[[[60.03,51.99],[59.99,51.95],[60.06,51.86],[60.14,51.89],[60.48,51.78],[60.36,51.69],[60.38,51.66],[60.48,51.65],[60.52,51.62],[60.94,51.61],[60.94,51.54],[61.03,51.48],[61.47,51.43],[61.56,51.3],[61.66,51.26],[61.53,51.21],[61.4,50.8],[60.72,50.65],[60.3,50.68],[60.18,50.74],[60.14,50.84],[60.02,50.85],[59.96,50.83],[59.91,50.75],[59.92,50.67],[59.82,50.56],[59.52,50.47],[59.45,50.54],[59.56,50.55],[59.56,50.58],[59.44,50.63],[59.27,50.62],[59.2,50.66],[58.93,50.68],[58.81,50.73],[58.75,50.8],[58.66,50.79],[58.64,50.86],[58.57,50.86],[58.55,50.89],[58.6,50.96],[58.6,51.02],[58.52,51.06],[58.38,51.07],[58.31,51.15],[58.22,51.12],[58.17,51.06],[58.08,51.1],[57.96,51.08],[57.77,51.12],[57.73,51.07],[57.72,50.91],[57.56,50.92],[57.47,50.86],[57.33,50.9],[57.27,51.0],[57.2,51.02],[57.15,51.1],[56.87,51.05],[56.72,51.07],[56.68,51.05],[56.71,50.98],[56.69,50.97],[56.6,50.98],[56.48,51.07],[56.42,51.03],[56.43,50.98],[56.35,50.95],[56.32,50.88],[56.16,50.91],[56.08,50.72],[55.66,50.53],[55.47,50.66],[55.31,50.66],[55.08,50.8],[55.05,50.88],[54.89,50.91],[54.81,50.97],[54.64,51.03],[54.53,51.0],[54.55,50.95],[54.5,50.93],[54.64,50.89],[54.64,50.71],[54.68,50.6],[54.59,50.54],[54.5,50.52],[54.44,50.55],[54.38,50.62],[54.48,50.85],[54.28,50.9],[54.15,50.99],[54.11,51.1],[54.02,51.12],[53.94,51.19],[53.67,51.22],[53.59,51.29],[53.57,51.35],[53.61,51.39],[53.41,51.48],[53.17,51.51],[53.16,51.49],[53.04,51.49],[52.94,51.45],[52.78,51.51],[52.67,51.46],[52.55,51.46],[52.48,51.5],[52.31,51.77],[52.26,51.72],[52.15,51.72],[52.09,51.66],[51.87,51.67],[51.76,51.59],[51.78,51.49],[51.69,51.45],[51.65,51.45],[51.58,51.53],[51.46,51.48],[51.3,51.47],[51.24,51.54],[51.36,51.56],[51.37,51.63],[51.23,51.69],[50.93,51.68],[50.84,51.75],[50.77,51.76],[50.9,51.85],[51.42,52.1],[51.45,52.22],[51.41,52.26],[51.41,52.35],[51.47,52.37],[51.47,52.41],[51.56,52.45],[51.47,52.53],[51.48,52.58],[51.55,52.57],[51.51,52.63],[51.54,52.68],[51.73,52.66],[51.77,52.8],[51.72,52.83],[51.73,52.87],[51.81,52.88],[51.87,52.93],[52.05,52.99],[52.06,53.08],[52.16,53.1],[52.06,53.14],[52.13,53.17],[52.13,53.22],[52.16,53.26],[52.14,53.3],[52.19,53.38],[52.09,53.46],[52.08,53.51],[52.1,53.55],[52.18,53.56],[52.25,53.65],[52.41,53.93],[52.38,53.98],[52.48,54.06],[52.4,54.13],[52.27,54.12],[52.26,54.15],[52.34,54.17],[52.35,54.22],[52.2,54.3],[52.28,54.33],[52.51,54.32],[52.54,54.38],[52.93,54.31],[52.89,54.28],[52.94,54.27],[53.01,54.27],[53.0,54.31],[53.06,54.33],[53.11,54.25],[52.94,54.21],[53.09,54.11],[53.07,54.07],[53.19,54.09],[53.26,54.07],[53.37,53.97],[53.47,54.05],[53.6,53.88],[53.66,53.75],[53.88,53.66],[54.0,53.52],[54.07,53.49],[54.09,53.42],[54.22,53.38],[54.3,53.41],[54.52,53.36],[54.57,53.33],[54.56,53.26],[54.64,53.24],[54.82,53.27],[54.93,53.22],[54.96,53.1],[55.13,52.91],[55.16,52.82],[55.24,52.83],[55.26,52.86],[55.41,52.84],[55.42,52.79],[55.35,52.77],[55.42,52.71],[55.35,52.69],[55.29,52.73],[55.28,52.68],[55.25,52.65],[55.32,52.63],[55.41,52.66],[55.46,52.59],[55.54,52.59],[55.54,52.54],[55.5,52.53],[55.53,52.5],[55.54,52.39],[55.66,52.37],[55.71,52.39],[55.77,52.34],[55.86,52.37],[55.93,52.52],[56.08,52.6],[56.05,52.64],[56.12,52.64],[56.27,52.55],[56.43,52.6],[56.36,52.5],[56.39,52.44],[56.44,52.43],[56.45,52.31],[56.33,52.27],[56.19,52.17],[56.24,52.12],[56.32,52.12],[56.34,52.16],[56.46,52.2],[56.42,52.16],[56.62,52.12],[56.59,52.06],[56.68,52.05],[56.65,51.96],[56.74,51.91],[56.62,51.89],[56.61,51.82],[56.75,51.77],[56.71,51.72],[56.76,51.67],[56.75,51.6],[56.78,51.59],[56.89,51.62],[56.88,51.69],[56.8,51.75],[57.0,51.73],[57.02,51.67],[57.1,51.65],[57.14,51.59],[57.2,51.57],[57.39,51.65],[57.42,51.73],[57.52,51.72],[57.63,51.76],[57.62,51.8],[57.68,51.87],[57.78,51.83],[57.94,51.83],[58.0,51.78],[58.09,51.79],[58.16,51.74],[58.32,51.77],[58.54,51.77],[58.63,51.91],[58.64,52.02],[58.69,52.05],[58.61,52.18],[58.69,52.27],[58.86,52.26],[58.94,52.29],[58.92,52.33],[58.81,52.36],[58.83,52.43],[58.87,52.45],[58.98,52.43],[58.98,52.37],[59.18,52.28],[59.27,52.49],[59.41,52.49],[59.52,52.43],[59.68,52.46],[59.68,52.43],[59.81,52.5],[59.94,52.43],[60.14,52.43],[60.15,52.28],[59.96,52.18],[59.91,52.1],[59.92,52.06],[59.99,52.04],[60.03,51.99]],[[52.27,53.34],[52.3,53.38],[52.25,53.39],[52.23,53.35],[52.27,53.34]]]]},"properties":{"iso":"RU-ORE"}},{"type":"Feature","geometry":{"type":"MultiPolygon","coordinates":[[[[37.84,53.01],[37.79,52.91],[37.84,52.88],[37.79,52.85],[37.87,52.78],[37.78,52.72],[37.81,52.64],[37.71,52.61],[37.81,52.56],[37.78,52.51],[37.9,52.48],[37.88,52.43],[37.96,52.41],[38.04,52.34],[37.99,52.28],[38.02,52.25],[37.85,52.21],[37.78,52.16],[37.75,52.02],[37.68,51.97],[37.48,52.01],[37.4,51.93],[37.35,51.94],[37.2,52.04],[37.19,52.08],[36.82,52.12],[36.75,52.17],[36.49,52.24],[36.34,52.37],[35.65,52.25],[35.62,52.26],[35.64,52.33],[35.58,52.38],[35.56,52.43],[35.48,52.4],[35.4,52.42],[35.37,52.36],[35.24,52.39],[35.11,52.33],[35.02,52.33],[34.83,52.39],[34.84,52.43],[34.9,52.49],[34.99,52.52],[34.99,52.65],[35.09,52.7],[34.95,52.78],[34.87,52.78],[34.8,52.86],[34.86,52.88],[34.89,52.93],[34.95,52.93],[34.97,52.97],[35.15,52.96],[35.13,53.01],[35.21,53.0],[35.31,53.06],[35.11,53.15],[35.1,53.31],[35.19,53.27],[35.28,53.32],[35.36,53.28],[35.45,53.44],[35.52,53.45],[35.53,53.48],[35.65,53.55],[35.77,53.52],[35.91,53.64],[36.1,53.56],[36.23,53.57],[36.4,53.43],[36.54,53.39],[36.67,53.42],[36.71,53.35],[36.81,53.3],[36.99,53.31],[37.2,53.25],[37.34,53.31],[37.49,53.28],[37.56,53.3],[37.56,53.19],[37.59,53.14],[37.61,53.11],[37.71,53.13],[37.8,53.07],[37.84,53.01]]]]},"properties":{"iso":"RU-ORL"}},{"type":"Feature","geometry":{"type":"MultiPolygon","coordinates":[[[[54.97,56.32],[54.93,56.39],[54.74,56.44],[54.56,56.54],[54.42,56.34],[54.35,56.36],[54.32,56.45],[54.24,56.43],[54.18,56.53],[54.04,56.59],[54.09,56.64],[54.08,56.67],[54.02,56.68],[53.95,56.63],[53.84,56.64],[53.87,56.7],[53.82,56.8],[53.87,56.81],[53.95,56.74],[54.05,56.75],[54.1,56.8],[54.1,56.97],[54.4,57.04],[54.28,57.1],[54.32,57.14],[54.32,57.29],[54.12,57.31],[54.16,57.39],[54.27,57.43],[54.26,57.46],[54.18,57.47],[54.17,57.51],[54.2,57.53],[54.18,57.56],[54.12,57.56],[54.09,57.52],[53.99,57.57],[54.12,57.62],[54.08,57.68],[54.16,57.71],[54.09,57.91],[54.1,57.97],[53.94,58.1],[53.89,58.19],[53.81,58.23],[53.89,58.32],[53.79,58.4],[53.7,58.59],[53.77,58.72],[53.92,58.78],[53.81,58.83],[53.72,58.93],[53.76,59.02],[53.84,59.03],[53.88,59.09],[53.75,59.14],[53.69,59.12],[53.72,59.09],[53.4,59.15],[53.23,59.3],[53.21,59.36],[53.35,59.5],[53.42,59.68],[53.59,59.71],[53.66,59.82],[53.7,60.01],[53.61,60.14],[53.46,60.2],[53.36,60.17],[52.45,60.2],[52.3,60.24],[52.35,60.38],[52.32,60.43],[52.14,60.47],[52.13,60.55],[51.78,60.6],[51.89,60.88],[52.35,60.84],[52.43,60.98],[52.79,60.95],[52.88,61.09],[53.37,61.03],[53.35,60.89],[53.8,60.85],[53.85,60.98],[54.98,60.86],[55.06,61.01],[55.2,61.01],[55.29,61.12],[55.72,61.09],[55.83,61.25],[56.29,61.21],[56.34,61.28],[56.32,61.33],[56.39,61.42],[56.54,61.43],[56.6,61.5],[56.68,61.52],[57.09,61.49],[57.2,61.51],[58.81,61.51],[58.93,61.55],[59.02,61.55],[59.15,61.63],[59.35,61.68],[59.43,61.51],[59.4,61.48],[59.42,61.43],[59.31,61.37],[59.26,61.24],[59.36,61.15],[59.34,61.09],[59.38,61.05],[59.37,60.97],[59.47,60.94],[59.47,60.82],[59.39,60.58],[59.23,60.48],[59.16,60.37],[59.19,60.27],[59.05,60.11],[59.05,60.04],[58.95,60.0],[59.0,59.93],[58.86,59.93],[58.81,59.86],[58.68,59.86],[58.58,59.72],[58.45,59.71],[58.4,59.55],[58.31,59.47],[58.52,59.44],[58.67,59.29],[59.17,59.17],[59.09,59.02],[59.18,58.95],[59.14,58.9],[59.07,58.89],[59.08,58.77],[59.17,58.76],[59.2,58.71],[59.38,58.71],[59.43,58.67],[59.39,58.59],[59.45,58.48],[59.29,58.42],[59.28,58.37],[59.2,58.3],[59.0,58.2],[58.84,58.2],[58.68,58.11],[58.66,58.05],[58.61,58.02],[58.76,57.85],[58.86,57.83],[58.85,57.75],[58.52,57.58],[58.44,57.6],[58.44,57.68],[58.16,57.68],[58.17,57.63],[58.12,57.56],[58.05,57.61],[57.98,57.54],[58.0,57.49],[57.94,57.33],[58.04,57.24],[57.99,57.19],[58.04,57.19],[58.04,57.14],[58.11,57.13],[58.02,57.11],[58.07,57.09],[58.07,57.05],[57.97,57.06],[58.0,57.09],[57.88,57.07],[57.82,56.97],[57.77,56.97],[57.75,56.93],[57.56,56.89],[57.46,56.9],[57.44,56.94],[57.34,56.92],[57.22,56.85],[57.32,56.75],[57.31,56.72],[57.43,56.66],[57.35,56.61],[57.38,56.57],[57.33,56.49],[57.35,56.46],[57.32,56.37],[57.41,56.33],[57.27,56.3],[57.26,56.25],[57.19,56.2],[57.22,56.19],[57.17,56.16],[56.86,56.11],[56.74,56.22],[56.65,56.22],[56.5,56.32],[56.56,56.36],[56.53,56.38],[56.39,56.39],[56.27,56.3],[56.06,56.29],[55.95,56.38],[55.91,56.47],[55.86,56.43],[55.55,56.4],[55.41,56.33],[55.25,56.34],[55.22,56.36],[55.17,56.32],[55.1,56.34],[54.97,56.32]]]]},"properties":{"iso":"RU-PER"}},{"type":"Feature","geometry":{"type":"MultiPolygon","coordinates":[[[[42.11,53.53],[42.09,53.64],[42.12,53.7],[42.09,53.74],[42.15,53.78],[42.13,53.81],[42.31,53.85],[42.44,53.8],[42.54,53.73],[42.51,53.8],[42.57,53.83],[42.55,53.78],[42.57,53.76],[42.64,53.81],[42.72,53.81],[42.7,53.77],[42.74,53.76],[42.77,53.83],[42.92,53.8],[43.06,53.82],[43.08,53.86],[43.16,53.83],[43.16,53.9],[43.11,53.91],[43.13,53.97],[43.3,54.02],[43.43,53.99],[43.55,54.01],[43.6,53.98],[43.75,53.96],[43.91,53.89],[43.93,53.86],[43.87,53.85],[43.9,53.83],[43.88,53.81],[43.99,53.75],[44.08,53.73],[44.2,53.76],[44.31,53.7],[44.42,53.73],[44.56,53.66],[44.74,53.7],[44.65,53.77],[44.62,53.89],[44.76,53.91],[44.87,53.97],[45.1,53.96],[45.18,53.98],[45.34,53.88],[45.71,53.92],[45.73,53.96],[45.79,54.0],[45.85,53.97],[45.97,54.0],[46.21,53.92],[46.19,53.85],[46.28,53.8],[46.27,53.76],[46.34,53.76],[46.4,53.68],[46.5,53.62],[46.46,53.6],[46.49,53.51],[46.68,53.48],[46.68,53.45],[46.9,53.34],[46.94,53.27],[46.88,53.24],[46.87,53.19],[46.97,53.18],[46.91,53.08],[46.94,52.91],[46.9,52.88],[46.97,52.84],[46.98,52.77],[46.84,52.71],[46.83,52.62],[46.61,52.67],[46.59,52.73],[46.52,52.7],[46.29,52.67],[46.28,52.62],[46.16,52.6],[46.13,52.55],[46.09,52.56],[45.97,52.49],[46.01,52.46],[45.98,52.41],[45.73,52.46],[45.73,52.52],[45.64,52.52],[45.53,52.48],[45.51,52.44],[45.43,52.4],[45.35,52.42],[45.25,52.39],[45.14,52.42],[45.07,52.38],[45.1,52.34],[45.03,52.32],[44.91,52.38],[44.85,52.45],[44.65,52.49],[44.55,52.55],[44.5,52.52],[44.54,52.49],[44.54,52.43],[44.42,52.42],[44.34,52.35],[44.35,52.32],[44.04,52.35],[43.75,52.43],[43.35,52.39],[43.31,52.44],[43.18,52.46],[43.08,52.4],[43.0,52.5],[43.1,52.51],[43.04,52.56],[43.24,52.65],[43.21,52.7],[42.92,52.96],[42.75,53.02],[42.63,53.11],[42.55,53.12],[42.51,53.17],[42.56,53.21],[42.35,53.37],[42.25,53.37],[42.25,53.41],[42.31,53.44],[42.16,53.53],[42.11,53.53]]]]},"properties":{"iso":"RU-PNZ"}},{"type":"Feature","geometry":{"type":"MultiPolygon","coordinates":[[[[27.69,57.36],[27.51,57.43],[27.53,57.53],[27.35,57.53],[27.33,57.57],[27.38,57.61],[27.39,57.68],[27.51,57.71],[27.5,57.77],[27.55,57.79],[27.52,57.81],[27.8,57.86],[27.66,57.92],[27.63,58.09],[27.5,58.22],[27.49,58.32],[27.55,58.4],[27.41,58.75],[27.48,58.88],[27.7,58.98],[27.87,59.01],[28.12,58.99],[28.28,58.85],[28.55,58.87],[28.98,58.81],[28.96,58.78],[29.26,58.69],[29.3,58.65],[29.25,58.62],[29.45,58.59],[29.49,58.54],[29.56,58.53],[29.52,58.49],[29.55,58.48],[29.98,58.44],[29.66,58.24],[29.69,58.17],[29.68,58.07],[29.8,58.09],[29.93,58.02],[30.0,58.04],[29.92,57.98],[29.94,57.95],[30.54,57.88],[30.52,57.81],[30.41,57.78],[30.52,57.75],[30.47,57.68],[30.61,57.62],[30.49,57.48],[30.49,57.39],[30.44,57.37],[30.52,57.32],[30.77,57.26],[30.64,57.18],[30.67,57.14],[30.65,56.97],[30.84,56.94],[31.0,56.97],[30.97,56.91],[30.9,56.9],[30.89,56.8],[30.8,56.8],[30.78,56.77],[30.82,56.76],[30.82,56.72],[30.88,56.66],[30.94,56.68],[31.06,56.68],[31.08,56.62],[31.02,56.48],[31.2,56.45],[31.24,56.34],[31.49,56.3],[31.47,56.13],[31.51,56.05],[31.34,55.96],[31.41,55.89],[31.41,55.83],[31.47,55.73],[31.21,55.72],[31.05,55.77],[31.03,55.7],[30.95,55.66],[30.91,55.58],[30.85,55.61],[30.74,55.59],[30.69,55.65],[30.6,55.67],[30.59,55.72],[30.48,55.75],[30.47,55.79],[30.2,55.86],[30.11,55.82],[29.91,55.84],[29.81,55.77],[29.68,55.77],[29.48,55.68],[29.35,55.77],[29.38,55.88],[29.44,55.91],[29.38,55.95],[29.03,56.02],[28.86,55.98],[28.83,55.94],[28.73,55.95],[28.62,56.08],[28.54,56.1],[28.39,56.09],[28.29,56.05],[28.15,56.14],[28.22,56.27],[28.16,56.44],[28.09,56.5],[28.13,56.54],[28.01,56.59],[27.98,56.69],[27.87,56.74],[27.91,56.82],[27.79,56.87],[27.63,56.84],[27.75,57.04],[27.68,57.1],[27.82,57.16],[27.84,57.21],[27.83,57.3],[27.69,57.36]]]]},"properties":{"iso":"RU-PSK"}},{"type":"Feature","geometry":{"type":"MultiPolygon","coordinates":[[[[39.89,49.04],[39.95,49.12],[40.14,49.25],[40.16,49.33],[40.03,49.49],[40.13,49.56],[40.12,49.59],[40.2,49.63],[40.49,49.59],[40.61,49.65],[40.88,49.69],[41.03,49.79],[41.06,49.92],[41.11,49.97],[41.35,50.08],[41.28,50.16],[41.36,50.23],[41.49,50.08],[41.59,50.05],[41.58,50.0],[41.62,49.96],[41.88,49.9],[42.12,49.75],[42.18,49.67],[42.11,49.53],[42.07,49.5],[42.05,49.4],[42.09,49.29],[42.03,49.26],[42.07,49.15],[42.34,49.15],[42.39,49.05],[42.66,48.97],[42.66,48.9],[42.75,48.8],[42.65,48.71],[42.7,48.62],[42.63,48.55],[42.28,48.5],[42.08,48.41],[42.15,48.29],[42.05,48.26],[42.1,48.16],[42.05,48.13],[42.02,48.04],[42.27,48.02],[42.33,48.05],[42.49,48.01],[42.73,47.85],[42.79,47.73],[42.96,47.51],[43.08,47.58],[43.15,47.57],[43.16,47.5],[43.23,47.45],[43.57,47.49],[43.66,47.44],[43.73,47.48],[43.8,47.37],[43.8,47.28],[43.94,47.27],[43.97,47.39],[44.12,47.42],[44.12,47.54],[44.24,47.57],[44.25,47.51],[44.33,47.48],[44.33,47.11],[44.26,46.9],[44.16,46.83],[44.07,46.83],[43.93,46.72],[43.81,46.58],[43.93,46.53],[43.92,46.42],[43.97,46.34],[43.86,46.29],[43.84,46.36],[43.77,46.41],[43.62,46.2],[43.54,46.16],[43.36,46.17],[42.93,46.44],[42.78,46.39],[42.61,46.41],[42.41,46.52],[42.17,46.58],[42.03,46.54],[42.09,46.42],[42.17,46.39],[42.21,46.32],[41.96,46.29],[41.91,46.18],[41.86,46.16],[41.74,46.21],[41.66,46.18],[41.66,46.11],[41.71,46.04],[41.71,46.0],[41.64,45.98],[41.42,45.99],[41.38,45.95],[41.16,45.95],[41.13,46.07],[40.99,46.13],[40.95,46.19],[41.0,46.29],[40.94,46.28],[40.91,46.23],[40.76,46.23],[40.73,46.28],[40.34,46.28],[40.29,46.34],[40.24,46.35],[40.28,46.44],[40.23,46.46],[40.21,46.53],[40.05,46.55],[40.05,46.62],[40.1,46.64],[40.13,46.72],[40.02,46.76],[39.58,46.78],[39.44,46.81],[39.24,46.77],[39.24,46.7],[39.18,46.68],[39.17,46.62],[39.09,46.6],[38.88,46.63],[38.86,46.59],[38.85,46.71],[38.88,46.73],[38.88,46.81],[38.91,46.81],[38.69,46.82],[38.67,46.86],[38.94,46.95],[39.08,47.03],[39.28,47.01],[39.3,47.08],[39.39,47.12],[39.33,47.13],[39.28,47.09],[39.25,47.15],[39.28,47.21],[39.26,47.26],[39.09,47.29],[38.94,47.25],[38.94,47.19],[38.85,47.16],[38.55,47.14],[38.57,47.12],[38.48,47.14],[38.56,47.22],[38.78,47.25],[38.81,47.29],[38.78,47.26],[38.55,47.23],[38.43,47.13],[38.22,47.1],[38.2,47.19],[38.3,47.28],[38.19,47.3],[38.26,47.39],[38.27,47.53],[38.35,47.61],[38.73,47.68],[38.8,47.82],[38.88,47.86],[39.11,47.83],[39.32,47.85],[39.7,47.81],[39.76,47.83],[39.8,47.96],[39.76,48.01],[39.84,48.04],[39.84,48.12],[39.99,48.27],[39.82,48.31],[39.92,48.38],[39.84,48.48],[39.87,48.51],[39.84,48.57],[39.63,48.59],[39.7,48.75],[39.78,48.81],[39.98,48.79],[40.05,48.85],[40.03,48.89],[39.95,48.85],[39.76,48.9],[39.67,48.97],[39.7,49.03],[39.89,49.04]]]]},"properties":{"iso":"RU-ROS"}},{"type":"Feature","geometry":{"type":"MultiPolygon","coordinates":[[[[40.05,53.38],[39.9,53.42],[39.89,53.52],[39.73,53.59],[39.51,53.53],[39.52,53.46],[39.48,53.43],[39.18,53.39],[39.05,53.55],[38.9,53.57],[38.91,53.61],[38.87,53.63],[38.92,53.73],[38.81,53.77],[38.82,53.85],[38.79,53.88],[38.84,53.94],[38.77,53.96],[38.75,54.01],[38.71,54.0],[38.7,54.09],[38.76,54.13],[38.75,54.18],[38.67,54.18],[38.68,54.24],[38.74,54.35],[38.92,54.4],[38.79,54.46],[38.78,54.54],[38.81,54.59],[39.23,54.64],[39.24,54.71],[39.35,54.73],[39.33,54.75],[39.38,54.85],[39.49,54.94],[39.68,55.02],[39.81,55.0],[39.89,55.08],[39.86,55.12],[39.77,55.1],[39.72,55.13],[39.83,55.18],[40.01,55.2],[40.24,55.34],[40.35,55.34],[40.32,55.3],[40.38,55.29],[40.54,55.33],[40.55,55.25],[40.62,55.21],[40.96,55.26],[41.04,55.22],[41.08,55.15],[41.1,55.2],[41.21,55.22],[41.32,55.2],[41.41,55.13],[41.5,55.16],[41.65,55.11],[41.78,55.12],[41.8,55.08],[41.87,55.06],[41.98,55.09],[41.98,55.05],[42.01,55.02],[41.96,55.0],[42.17,54.95],[42.34,55.0],[42.48,55.0],[42.44,54.96],[42.47,54.87],[42.39,54.79],[42.48,54.71],[42.51,54.73],[42.56,54.69],[42.62,54.72],[42.64,54.68],[42.61,54.65],[42.7,54.58],[42.62,54.54],[42.65,54.5],[42.56,54.49],[42.54,54.44],[42.59,54.44],[42.63,54.38],[42.53,54.37],[42.48,54.31],[42.28,54.24],[42.18,54.26],[42.26,54.17],[42.44,54.26],[42.6,54.19],[42.53,54.14],[42.56,54.11],[42.53,54.08],[42.28,54.12],[42.27,54.08],[42.43,54.02],[42.46,53.97],[42.31,53.85],[42.12,53.81],[41.75,53.82],[41.66,53.78],[41.57,53.8],[41.4,53.78],[41.35,53.75],[41.35,53.55],[41.17,53.43],[40.93,53.51],[40.85,53.48],[40.69,53.56],[40.48,53.45],[40.42,53.49],[40.42,53.4],[40.38,53.34],[40.31,53.37],[40.19,53.33],[40.12,53.37],[40.12,53.4],[40.05,53.38]]],[[[42.46,54.81],[42.51,54.76],[42.45,54.77],[42.46,54.81]]]]},"properties":{"iso":"RU-RYA"}},{"type":"Feature","geometry":{"type":"MultiPolygon","coordinates":[[[[161.49,69.03],[161.51,68.93],[161.41,68.89],[161.48,68.98],[161.46,69.0],[161.13,69.09],[161.13,69.24],[161.17,69.33],[161.07,69.42],[161.09,69.46],[161.37,69.55],[161.39,69.46],[161.29,69.41],[161.35,69.38],[161.37,69.3],[161.32,69.24],[161.39,69.19],[161.39,69.1],[161.49,69.03]]],[[[161.63,69.56],[161.62,69.45],[161.36,69.41],[161.43,69.46],[161.39,69.59],[161.45,69.6],[161.48,69.64],[161.59,69.62],[161.63,69.56]]],[[[127.4,73.52],[127.69,73.54],[128.06,73.49],[127.4,73.52]]],[[[111.3,73.87],[111.44,73.81],[111.8,73.74],[112.37,73.71],[112.82,73.75],[112.95,73.79],[112.93,73.88],[112.82,73.96],[112.82,74.0],[113.11,73.89],[113.4,73.69],[113.43,73.61],[113.4,73.58],[113.29,73.57],[113.13,73.45],[113.27,73.38],[113.49,73.34],[113.49,73.17],[113.52,73.1],[113.46,72.99],[113.49,72.96],[113.31,72.89],[113.12,72.86],[113.1,72.82],[113.17,72.78],[113.19,72.72],[113.37,72.67],[114.09,72.6],[113.39,72.68],[113.24,72.74],[113.16,72.82],[113.54,72.98],[113.53,73.05],[113.6,73.1],[113.53,73.18],[113.56,73.25],[113.72,73.32],[114.04,73.35],[113.78,73.36],[113.54,73.44],[113.47,73.5],[113.92,73.54],[114.11,73.6],[114.85,73.61],[115.41,73.71],[116.6,73.67],[117.44,73.59],[118.45,73.59],[118.79,73.56],[119.0,73.49],[118.88,73.45],[118.71,73.44],[118.58,73.49],[118.47,73.48],[118.35,73.4],[118.43,73.37],[118.37,73.34],[118.35,73.28],[118.39,73.24],[118.92,73.12],[119.53,73.06],[119.72,72.96],[120.53,72.87],[120.57,72.89],[119.84,72.96],[119.76,73.01],[120.66,72.98],[121.05,72.93],[121.39,72.98],[121.79,72.98],[121.96,72.96],[121.92,72.93],[122.04,72.89],[122.73,72.83],[122.31,72.94],[122.87,72.87],[122.95,72.89],[122.43,72.98],[122.51,72.99],[122.46,73.02],[122.61,73.03],[123.14,72.92],[123.34,72.98],[123.32,73.03],[123.4,73.09],[123.47,73.09],[123.4,73.12],[123.38,73.16],[123.4,73.17],[123.55,73.2],[123.51,73.18],[123.59,73.16],[123.66,73.17],[123.61,73.18],[123.67,73.2],[123.54,73.22],[123.48,73.26],[123.5,73.27],[123.4,73.29],[123.33,73.35],[123.41,73.39],[123.22,73.41],[123.31,73.43],[123.26,73.46],[123.28,73.46],[123.42,73.44],[123.25,73.55],[123.37,73.56],[123.31,73.59],[123.42,73.58],[123.37,73.66],[123.57,73.72],[123.63,73.7],[123.56,73.64],[123.66,73.64],[123.6,73.61],[123.65,73.6],[124.0,73.64],[123.92,73.67],[123.9,73.72],[123.93,73.75],[123.88,73.77],[123.99,73.76],[124.05,73.72],[123.99,73.69],[124.06,73.68],[124.38,73.81],[124.4,73.79],[124.37,73.79],[124.7,73.74],[124.73,73.71],[124.86,73.72],[124.84,73.7],[124.98,73.68],[124.99,73.63],[125.04,73.64],[125.05,73.68],[125.14,73.7],[125.15,73.66],[125.21,73.65],[125.18,73.62],[125.21,73.62],[125.17,73.58],[125.2,73.55],[125.23,73.57],[125.29,73.54],[125.36,73.58],[125.65,73.53],[125.62,73.5],[125.64,73.5],[125.52,73.46],[125.56,73.41],[125.62,73.42],[125.6,73.45],[125.64,73.46],[125.88,73.46],[125.82,73.49],[125.92,73.54],[125.97,73.53],[125.96,73.47],[125.91,73.44],[125.94,73.43],[126.0,73.45],[126.01,73.51],[126.29,73.56],[126.4,73.51],[126.39,73.46],[126.33,73.43],[126.17,73.46],[126.15,73.44],[126.25,73.4],[126.16,73.38],[126.42,73.41],[126.45,73.4],[126.43,73.37],[126.55,73.35],[126.59,73.3],[126.57,73.23],[126.66,73.3],[126.56,73.38],[126.64,73.38],[126.67,73.43],[126.73,73.44],[126.81,73.38],[126.84,73.41],[126.83,73.44],[126.93,73.43],[126.91,73.46],[126.92,73.5],[126.83,73.52],[126.86,73.53],[127.05,73.55],[127.45,73.49],[127.99,73.47],[127.9,73.44],[128.08,73.41],[127.96,73.35],[128.34,73.36],[128.36,73.35],[128.31,73.3],[128.23,73.27],[128.44,73.24],[128.66,73.26],[128.89,73.22],[128.84,73.19],[128.97,73.18],[128.96,73.15],[128.85,73.16],[128.86,73.12],[128.78,73.07],[129.11,73.12],[129.44,73.03],[129.48,72.98],[129.36,72.94],[128.77,72.97],[128.29,72.91],[128.21,72.86],[128.23,72.82],[128.13,72.79],[128.36,72.79],[129.36,72.7],[129.23,72.69],[129.2,72.66],[128.48,72.72],[128.4,72.67],[127.91,72.67],[128.19,72.57],[128.61,72.48],[129.26,72.46],[129.27,72.45],[129.24,72.42],[129.37,72.4],[129.5,72.33],[129.34,72.31],[129.36,72.26],[129.56,72.23],[129.24,72.13],[129.49,72.13],[129.33,72.09],[128.93,72.07],[128.77,72.15],[128.49,72.2],[128.57,72.24],[128.53,72.26],[128.15,72.32],[127.86,72.43],[127.67,72.43],[127.86,72.33],[127.75,72.33],[128.25,72.2],[128.45,72.09],[128.45,72.02],[128.62,71.96],[128.66,71.86],[128.93,71.74],[129.18,71.81],[129.02,72.0],[129.04,72.02],[129.29,71.88],[129.31,71.8],[129.54,71.72],[129.31,71.76],[129.09,71.71],[128.91,71.71],[128.82,71.66],[128.88,71.6],[129.15,71.61],[129.25,71.55],[129.24,71.5],[129.31,71.47],[129.39,71.35],[129.65,71.26],[129.76,71.15],[129.63,71.09],[129.87,71.11],[129.94,71.09],[129.92,71.07],[130.08,71.08],[130.22,70.99],[130.17,70.97],[130.47,70.93],[130.5,70.89],[130.62,70.87],[130.7,70.89],[130.72,70.96],[130.77,70.98],[130.89,70.85],[130.89,70.76],[131.04,70.74],[131.23,70.75],[131.55,70.89],[131.77,71.1],[131.76,71.14],[131.87,71.15],[131.83,71.18],[131.85,71.21],[132.19,71.22],[131.94,71.27],[132.11,71.52],[132.26,71.68],[132.54,71.88],[132.72,71.95],[133.07,71.97],[133.18,71.96],[133.34,71.89],[133.35,71.83],[133.16,71.94],[133.03,71.96],[132.93,71.91],[132.8,71.91],[132.78,71.88],[132.81,71.83],[132.72,71.81],[132.73,71.77],[132.99,71.72],[133.15,71.58],[133.65,71.44],[133.91,71.4],[134.17,71.37],[134.49,71.38],[134.59,71.41],[134.74,71.37],[134.65,71.3],[134.67,71.26],[134.77,71.37],[134.7,71.42],[134.78,71.43],[134.81,71.48],[135.03,71.54],[135.12,71.52],[135.21,71.55],[135.42,71.53],[135.34,71.57],[135.62,71.62],[135.99,71.63],[136.44,71.58],[136.52,71.56],[136.55,71.48],[136.66,71.53],[136.77,71.52],[136.89,71.46],[137.27,71.39],[137.24,71.37],[137.49,71.35],[137.44,71.31],[137.49,71.3],[137.4,71.28],[137.53,71.25],[137.7,71.28],[137.67,71.25],[137.74,71.25],[137.69,71.22],[137.53,71.22],[137.77,71.17],[137.81,71.12],[137.91,71.15],[137.98,71.12],[138.07,71.13],[137.99,71.19],[137.84,71.18],[137.85,71.2],[137.74,71.23],[137.83,71.25],[138.07,71.22],[138.24,71.28],[138.0,71.3],[138.15,71.33],[138.36,71.32],[138.01,71.34],[137.93,71.36],[137.97,71.38],[137.83,71.39],[138.01,71.47],[138.04,71.56],[138.1,71.58],[138.5,71.61],[138.4,71.58],[138.44,71.54],[138.58,71.55],[138.59,71.58],[138.55,71.61],[138.76,71.64],[139.05,71.57],[139.09,71.49],[139.16,71.45],[139.12,71.43],[139.19,71.42],[139.35,71.42],[139.44,71.5],[139.72,71.46],[139.86,71.49],[140.03,71.47],[139.98,71.5],[140.0,71.52],[139.84,71.59],[139.73,71.67],[139.69,71.79],[139.81,71.86],[139.57,71.93],[139.34,71.95],[139.63,71.95],[139.71,72.0],[139.72,72.08],[139.87,72.18],[140.13,72.15],[140.22,72.19],[140.2,72.21],[139.56,72.23],[139.43,72.18],[139.56,72.18],[139.53,72.16],[139.26,72.18],[139.35,72.13],[139.19,72.16],[139.09,72.24],[139.14,72.3],[139.33,72.42],[139.54,72.5],[140.58,72.5],[141.11,72.59],[140.93,72.6],[141.01,72.67],[140.99,72.71],[140.66,72.81],[140.58,72.87],[140.59,72.89],[141.27,72.87],[141.55,72.77],[142.23,72.7],[143.49,72.7],[145.41,72.56],[146.85,72.35],[146.79,72.33],[145.69,72.36],[145.35,72.35],[145.17,72.42],[145.09,72.4],[144.94,72.44],[144.71,72.37],[144.52,72.23],[144.34,72.29],[144.11,72.28],[144.21,72.22],[144.42,72.18],[144.6,72.18],[144.75,72.23],[145.07,72.26],[146.93,72.31],[146.5,72.07],[145.97,71.86],[145.94,71.86],[145.94,71.89],[146.0,71.94],[145.99,72.03],[146.11,72.04],[146.35,72.13],[146.23,72.17],[146.08,72.17],[146.05,72.16],[146.07,72.12],[145.97,72.07],[145.93,72.1],[145.96,72.13],[145.94,72.15],[145.85,72.16],[145.84,72.18],[145.91,72.2],[145.88,72.22],[145.69,72.26],[145.61,72.24],[145.75,72.21],[145.62,72.08],[145.67,72.03],[145.79,72.03],[145.81,71.93],[145.33,71.87],[144.97,71.98],[144.97,71.91],[145.22,71.84],[145.2,71.81],[145.03,71.77],[144.89,71.77],[144.92,71.74],[144.89,71.68],[144.95,71.7],[145.0,71.68],[145.08,71.7],[145.33,71.66],[145.57,71.74],[145.73,71.73],[146.04,71.79],[146.37,71.91],[146.62,72.07],[147.2,72.33],[148.4,72.31],[148.96,72.25],[149.72,72.12],[150.04,71.94],[150.07,71.89],[150.02,71.85],[149.71,71.77],[149.63,71.78],[149.37,71.9],[149.29,71.88],[149.33,71.87],[149.15,71.77],[148.83,71.81],[148.89,71.78],[149.04,71.76],[149.01,71.7],[148.83,71.68],[149.0,71.67],[149.1,71.7],[149.77,71.65],[149.95,71.67],[150.1,71.59],[150.01,71.57],[150.01,71.6],[149.95,71.59],[149.96,71.53],[149.87,71.5],[149.87,71.46],[150.12,71.52],[150.58,71.52],[150.67,71.49],[150.65,71.45],[150.55,71.4],[150.52,71.35],[150.03,71.22],[150.05,71.21],[150.41,71.28],[150.66,71.39],[150.74,71.39],[150.66,71.36],[150.59,71.28],[150.83,71.37],[151.03,71.39],[151.49,71.33],[151.61,71.31],[152.14,71.02],[152.06,70.98],[151.66,70.99],[151.68,70.98],[152.5,70.85],[152.55,70.83],[152.54,70.79],[152.61,70.83],[152.99,70.83],[153.35,70.88],[153.66,70.86],[154.24,70.96],[155.48,71.06],[155.52,71.05],[155.49,71.0],[155.53,70.98],[155.6,71.07],[155.94,71.1],[157.99,71.05],[159.24,70.83],[159.69,70.67],[159.84,70.58],[160.02,70.42],[160.09,70.31],[160.09,70.24],[159.94,70.13],[159.69,70.13],[159.91,70.1],[159.85,70.05],[159.86,69.99],[159.69,69.91],[159.76,69.84],[159.73,69.84],[159.8,69.81],[159.77,69.76],[159.86,69.79],[160.17,69.7],[160.14,69.73],[160.26,69.72],[160.31,69.7],[160.32,69.65],[160.52,69.69],[160.93,69.64],[161.01,69.58],[160.92,69.46],[161.02,69.3],[161.0,69.25],[161.04,69.19],[160.96,69.11],[161.29,69.04],[161.42,68.98],[161.22,68.79],[161.21,68.69],[161.11,68.61],[161.03,68.56],[160.76,68.56],[160.78,68.54],[160.91,68.52],[161.13,68.56],[161.26,68.67],[161.35,68.7],[161.29,68.75],[161.32,68.79],[161.57,68.92],[161.56,69.03],[161.48,69.09],[161.45,69.15],[161.47,69.18],[161.4,69.22],[161.46,69.29],[161.42,69.33],[161.48,69.35],[161.44,69.38],[161.8,69.53],[162.03,69.55],[162.03,69.58],[162.2,69.63],[162.17,69.63],[162.19,69.65],[162.3,69.65],[162.33,69.7],[162.43,69.68],[162.45,69.64],[162.35,69.62],[162.38,69.57],[162.31,69.54],[162.41,69.46],[162.37,69.42],[162.49,69.39],[162.54,69.31],[162.78,69.19],[162.51,69.11],[162.5,69.07],[162.55,69.05],[162.53,69.0],[162.77,68.93],[162.78,68.89],[162.85,68.87],[162.74,68.8],[162.6,68.8],[162.61,68.7],[162.69,68.67],[162.72,68.61],[162.58,68.51],[162.59,68.45],[162.53,68.4],[162.53,68.36],[162.42,68.31],[162.18,68.35],[161.41,68.41],[161.23,68.38],[161.0,68.3],[159.85,68.28],[159.78,68.21],[159.55,68.24],[158.93,68.14],[158.63,68.14],[158.26,68.07],[158.2,67.96],[158.07,67.92],[158.05,67.86],[158.26,67.83],[158.33,67.75],[158.15,67.72],[157.92,67.74],[157.81,67.71],[157.73,67.65],[157.74,67.6],[157.69,67.54],[157.75,67.51],[157.75,67.47],[157.88,67.44],[157.78,67.35],[157.86,67.27],[158.35,67.12],[158.7,67.06],[158.8,66.98],[158.79,66.92],[158.9,66.81],[158.72,66.73],[158.64,66.62],[158.53,66.57],[158.47,66.49],[158.36,66.45],[158.53,66.36],[158.39,66.25],[158.48,66.11],[158.12,66.16],[157.72,66.11],[157.37,66.0],[157.39,65.93],[157.12,65.92],[156.93,65.97],[156.97,66.03],[156.76,66.1],[156.63,66.2],[156.34,66.06],[155.96,66.1],[155.77,66.18],[155.32,66.14],[155.29,66.18],[155.17,66.21],[154.89,66.13],[154.81,66.18],[154.55,66.24],[154.4,66.2],[154.35,66.14],[154.22,66.06],[154.35,66.04],[154.38,65.94],[154.26,65.83],[154.08,65.8],[154.02,65.88],[153.7,65.89],[153.48,65.83],[153.46,65.77],[153.53,65.71],[153.5,65.67],[153.5,65.61],[153.4,65.5],[153.52,65.42],[153.46,65.36],[153.12,65.27],[152.69,65.23],[152.68,65.2],[152.61,65.15],[152.65,65.03],[152.5,64.94],[152.56,64.86],[152.55,64.82],[152.67,64.78],[152.75,64.69],[152.35,64.52],[152.33,64.51],[152.41,64.41],[152.2,64.36],[152.1,64.37],[152.13,64.45],[152.02,64.5],[151.48,64.44],[151.39,64.3],[151.31,64.36],[151.18,64.38],[150.97,64.33],[150.63,64.33],[150.64,64.18],[150.61,64.17],[150.19,64.22],[150.03,64.36],[150.09,64.49],[149.82,64.57],[149.62,64.54],[149.44,64.44],[149.28,64.45],[149.22,64.41],[149.1,64.44],[148.61,64.42],[148.44,64.52],[148.3,64.55],[148.16,64.46],[148.02,64.43],[148.06,64.39],[148.0,64.36],[148.16,64.31],[148.26,64.24],[148.23,64.17],[148.13,64.12],[148.12,64.06],[147.94,63.94],[147.88,63.98],[147.8,63.95],[147.75,63.97],[147.77,64.01],[147.61,64.04],[147.62,64.1],[147.66,64.12],[147.62,64.17],[147.3,64.13],[147.34,64.08],[147.27,64.05],[147.0,64.15],[146.39,64.21],[146.32,64.07],[146.21,64.04],[146.18,63.97],[146.11,63.94],[145.55,63.82],[145.62,63.78],[145.64,63.67],[145.57,63.64],[145.45,63.53],[145.36,63.33],[145.28,63.27],[145.25,63.19],[145.3,63.1],[145.3,63.06],[145.27,63.02],[145.37,62.91],[145.33,62.75],[145.39,62.72],[145.43,62.65],[145.39,62.61],[145.48,62.55],[145.37,62.51],[145.27,62.53],[145.12,62.49],[145.18,62.44],[145.15,62.38],[145.18,62.34],[145.13,62.31],[145.17,62.28],[145.06,62.23],[144.98,62.24],[144.99,62.17],[144.75,62.12],[144.72,62.09],[144.75,62.05],[144.59,61.98],[144.55,61.93],[144.57,61.9],[144.53,61.89],[144.55,61.86],[144.38,61.82],[144.22,61.73],[144.0,61.73],[143.93,61.76],[143.91,61.82],[143.95,61.88],[143.95,61.96],[143.93,61.99],[143.76,61.95],[143.75,61.91],[143.65,61.87],[143.56,61.94],[143.62,61.97],[143.61,62.02],[143.44,62.04],[143.36,62.02],[143.25,62.06],[143.21,62.12],[143.12,62.1],[142.98,61.91],[142.68,61.97],[142.41,61.87],[142.39,61.89],[142.39,61.95],[142.26,61.97],[142.27,62.01],[142.18,62.05],[142.18,62.09],[142.09,62.09],[142.01,62.03],[141.86,62.03],[141.84,62.05],[141.87,62.09],[141.74,62.08],[141.54,62.18],[141.52,62.26],[141.41,62.3],[141.3,62.44],[141.09,62.41],[141.05,62.49],[140.88,62.5],[140.83,62.55],[140.7,62.57],[140.65,62.54],[140.68,62.49],[140.63,62.42],[140.48,62.43],[140.35,62.39],[140.29,62.27],[140.3,62.12],[140.25,62.09],[140.28,62.05],[140.18,62.02],[140.13,61.97],[139.99,61.98],[139.95,61.91],[139.98,61.88],[139.95,61.83],[139.67,61.65],[139.65,61.57],[139.55,61.48],[139.41,61.49],[139.26,61.43],[139.1,61.45],[139.05,61.42],[139.06,61.39],[138.92,61.32],[138.84,61.34],[138.76,61.31],[138.73,61.34],[138.64,61.27],[138.65,61.22],[138.7,61.19],[138.4,61.1],[138.29,61.11],[138.35,61.0],[138.21,60.96],[138.18,60.89],[138.28,60.75],[138.44,60.68],[138.4,60.61],[138.32,60.59],[138.33,60.53],[138.24,60.49],[138.33,60.39],[138.32,60.32],[138.2,60.24],[138.24,60.19],[138.2,60.12],[138.26,60.08],[138.23,60.02],[138.27,59.96],[138.2,59.9],[138.17,59.83],[138.2,59.75],[138.27,59.73],[138.25,59.71],[138.17,59.68],[138.03,59.69],[138.04,59.75],[138.0,59.8],[137.95,59.75],[137.62,59.74],[137.45,59.64],[137.47,59.56],[137.35,59.55],[137.21,59.45],[136.96,59.43],[136.76,59.35],[136.36,59.39],[136.31,59.43],[136.08,59.43],[136.01,59.48],[135.76,59.53],[135.62,59.5],[135.42,59.39],[135.26,59.23],[135.28,59.19],[135.19,59.12],[134.94,59.15],[134.85,59.13],[134.75,59.15],[134.78,59.19],[134.72,59.21],[134.55,59.18],[134.52,59.15],[134.05,59.26],[133.77,59.22],[133.61,59.23],[133.57,59.29],[133.43,59.28],[133.31,59.22],[133.1,59.2],[132.94,59.09],[132.84,59.1],[132.86,59.05],[132.82,59.01],[132.87,58.98],[132.81,58.88],[132.6,58.89],[132.52,58.78],[132.57,58.76],[132.54,58.67],[132.57,58.65],[132.37,58.52],[132.42,58.48],[132.12,58.49],[132.21,58.34],[132.19,58.24],[132.11,58.25],[132.02,58.2],[132.01,58.11],[132.13,58.07],[132.12,58.05],[132.05,58.02],[131.85,58.12],[131.75,58.13],[131.71,58.17],[131.47,58.16],[131.55,58.08],[131.63,58.06],[131.65,58.02],[131.6,58.0],[131.8,57.92],[131.76,57.84],[131.89,57.81],[132.05,57.66],[131.96,57.63],[131.97,57.58],[131.69,57.56],[131.68,57.54],[131.74,57.51],[131.59,57.43],[131.57,57.36],[131.6,57.3],[131.51,57.28],[131.51,57.25],[131.35,57.25],[131.26,57.3],[131.18,57.24],[131.1,57.23],[131.19,57.13],[131.28,57.16],[131.3,57.13],[131.48,57.08],[131.44,57.04],[131.55,56.95],[131.59,56.95],[131.66,56.88],[131.75,56.84],[131.8,56.72],[131.67,56.65],[131.7,56.63],[131.65,56.51],[131.7,56.46],[131.6,56.45],[131.62,56.5],[131.5,56.55],[131.4,56.49],[131.43,56.45],[131.4,56.42],[131.36,56.43],[131.36,56.47],[131.31,56.5],[131.18,56.47],[131.13,56.41],[131.09,56.35],[131.12,56.27],[131.09,56.21],[130.96,56.13],[130.92,55.94],[130.86,55.9],[130.87,55.82],[130.93,55.75],[130.92,55.68],[130.7,55.72],[130.02,55.69],[129.89,55.73],[129.83,55.71],[129.65,55.74],[129.47,55.73],[129.44,55.7],[129.04,55.65],[129.09,55.58],[129.09,55.53],[129.05,55.48],[128.96,55.47],[128.76,55.47],[128.68,55.52],[128.5,55.52],[128.41,55.58],[128.22,55.66],[127.91,55.62],[127.78,55.63],[127.77,55.67],[127.67,55.68],[127.62,55.65],[127.57,55.58],[127.48,55.55],[127.36,55.6],[127.31,55.67],[127.19,55.69],[126.94,55.69],[126.89,55.62],[126.72,55.6],[126.68,55.62],[126.68,55.66],[126.61,55.65],[126.42,55.55],[126.28,55.59],[126.06,55.58],[126.06,55.64],[126.13,55.64],[126.06,55.71],[125.82,55.79],[125.55,55.74],[125.44,55.8],[125.43,55.84],[125.25,55.88],[124.96,55.83],[124.78,55.85],[124.68,55.9],[124.5,55.88],[124.45,55.9],[124.37,56.05],[124.25,56.08],[124.21,56.17],[124.06,56.23],[123.98,56.34],[123.89,56.39],[123.29,56.42],[123.04,56.49],[122.89,56.59],[122.8,56.58],[122.78,56.5],[122.59,56.49],[122.47,56.6],[122.28,56.65],[122.16,56.74],[121.6,56.74],[121.6,56.82],[121.53,56.85],[121.51,56.93],[121.42,56.97],[121.08,56.98],[121.0,57.04],[120.66,57.03],[120.3,57.0],[120.03,56.9],[119.9,56.89],[119.78,56.98],[119.65,57.0],[119.62,57.09],[119.69,57.17],[119.6,57.23],[119.55,57.34],[119.45,57.37],[119.4,57.43],[119.41,57.51],[119.5,57.59],[119.32,57.61],[119.18,57.51],[119.14,57.54],[119.16,57.69],[119.04,57.73],[119.16,58.04],[119.15,58.16],[119.11,58.22],[119.12,58.29],[119.07,58.36],[119.13,58.47],[118.78,58.6],[118.82,58.62],[118.88,58.69],[118.89,58.8],[118.79,58.9],[118.8,58.93],[118.85,58.95],[118.85,59.01],[118.74,59.03],[118.71,59.06],[118.69,59.19],[118.85,59.29],[118.76,59.33],[118.75,59.41],[118.4,59.52],[118.34,59.6],[118.28,59.61],[118.06,59.58],[117.98,59.53],[117.94,59.46],[117.88,59.44],[117.82,59.45],[117.76,59.54],[117.6,59.47],[117.34,59.5],[117.09,59.59],[117.2,59.65],[117.23,59.8],[117.06,59.92],[117.11,59.96],[117.23,59.96],[117.3,60.01],[117.05,60.04],[116.98,60.15],[116.58,60.36],[116.08,60.41],[116.01,60.45],[115.84,60.47],[115.71,60.52],[115.24,60.45],[115.09,60.38],[115.01,60.27],[114.84,60.19],[114.7,60.22],[114.54,60.11],[114.52,60.05],[114.57,60.0],[114.31,59.88],[114.17,59.75],[114.04,59.74],[114.04,59.68],[113.85,59.68],[113.78,59.61],[113.59,59.57],[113.6,59.5],[113.42,59.38],[113.47,59.34],[113.46,59.26],[113.26,59.16],[112.92,59.15],[112.64,59.03],[112.57,59.07],[112.56,59.03],[112.62,58.96],[112.5,58.87],[112.45,58.93],[112.45,59.13],[112.53,59.23],[112.64,59.27],[112.63,59.31],[112.44,59.33],[112.29,59.3],[112.31,59.34],[112.28,59.37],[112.33,59.42],[112.27,59.5],[112.22,59.5],[111.99,59.34],[111.94,59.27],[111.76,59.27],[111.64,59.21],[111.47,59.27],[111.3,59.25],[111.18,59.19],[111.09,59.24],[111.0,59.21],[110.69,59.25],[110.58,59.19],[110.59,59.13],[110.53,59.06],[110.34,59.03],[110.28,58.98],[109.92,59.01],[109.82,58.98],[109.74,59.07],[109.64,59.07],[109.63,59.14],[109.53,59.18],[109.5,59.29],[109.26,59.32],[109.25,59.37],[109.35,59.41],[109.27,59.46],[109.52,59.64],[109.48,59.7],[109.5,59.76],[109.65,59.86],[109.62,59.91],[109.76,60.03],[109.69,60.11],[109.73,60.23],[109.81,60.26],[109.81,60.31],[109.87,60.34],[109.86,60.37],[109.95,60.4],[109.92,60.46],[110.12,60.59],[110.12,60.62],[110.05,60.67],[110.27,60.7],[110.29,60.77],[110.23,60.8],[110.24,60.82],[110.45,60.98],[110.46,61.04],[110.52,61.09],[110.48,61.16],[110.4,61.18],[110.32,61.15],[110.19,61.16],[110.08,61.27],[109.8,61.32],[109.85,61.43],[109.83,61.48],[109.87,61.53],[109.62,61.72],[109.6,61.88],[109.82,62.01],[109.9,62.11],[110.0,62.16],[109.94,62.24],[110.0,62.29],[109.89,62.35],[109.9,62.41],[109.56,62.43],[109.49,62.41],[109.27,62.52],[109.25,62.57],[109.37,62.58],[109.38,62.65],[109.46,62.67],[109.47,62.75],[109.65,62.83],[109.61,62.88],[109.47,62.93],[109.48,63.02],[109.43,63.09],[109.45,63.15],[109.41,63.18],[109.45,63.22],[109.38,63.26],[109.36,63.35],[109.28,63.35],[109.22,63.44],[109.04,63.55],[108.86,63.54],[108.57,63.6],[108.12,63.58],[108.12,63.62],[108.27,63.67],[108.3,63.81],[108.65,63.79],[108.77,63.86],[108.69,63.91],[108.73,63.98],[108.5,64.12],[108.54,64.18],[108.48,64.2],[108.53,64.24],[108.47,64.28],[108.36,64.3],[108.31,64.25],[108.04,64.24],[107.97,64.17],[107.84,64.18],[107.61,64.29],[107.33,64.25],[107.24,64.29],[107.22,64.33],[107.08,64.34],[106.89,64.41],[106.74,64.42],[106.62,64.51],[106.57,64.5],[106.58,64.45],[106.17,64.4],[106.07,64.42],[106.14,64.47],[106.04,64.51],[105.79,64.49],[105.8,64.53],[105.73,64.58],[105.75,64.62],[105.71,64.66],[105.88,64.66],[105.83,64.73],[105.85,64.79],[105.9,64.82],[106.01,64.82],[105.95,64.89],[106.04,64.9],[106.11,64.86],[106.22,64.86],[105.98,65.0],[105.98,65.03],[106.16,65.09],[106.19,65.13],[106.29,65.14],[106.37,65.2],[106.5,65.2],[106.43,65.27],[106.44,65.31],[106.62,65.39],[106.83,65.38],[106.96,65.5],[106.7,65.55],[106.71,65.59],[106.63,65.61],[106.64,65.63],[106.42,65.67],[106.42,65.7],[106.46,65.73],[106.45,65.83],[106.48,65.86],[106.47,66.01],[106.34,66.15],[106.21,66.15],[106.12,66.2],[106.14,66.26],[106.1,66.38],[106.32,66.48],[106.3,66.56],[106.24,66.59],[106.25,66.7],[106.14,66.74],[106.18,66.8],[106.01,66.79],[105.99,66.81],[106.07,66.86],[106.06,66.9],[105.81,66.95],[105.69,66.94],[105.54,67.02],[105.89,67.04],[105.99,67.08],[106.05,67.17],[106.23,67.19],[106.49,67.28],[106.67,67.25],[106.8,67.35],[106.89,68.11],[106.89,68.86],[106.15,69.39],[106.15,69.42],[106.28,69.46],[106.46,69.57],[106.59,69.52],[106.84,69.52],[107.12,69.59],[107.93,69.68],[108.01,69.71],[108.05,69.78],[108.29,69.86],[108.87,69.84],[108.94,69.79],[109.24,69.78],[109.37,69.84],[109.41,69.89],[109.39,69.93],[109.51,70.03],[109.35,70.07],[109.35,70.12],[109.27,70.18],[109.28,70.21],[109.54,70.26],[109.6,70.32],[109.55,70.35],[109.6,70.38],[110.26,70.43],[110.26,70.45],[110.11,70.48],[110.11,70.53],[110.06,70.55],[110.14,70.56],[110.1,70.63],[110.3,70.7],[110.47,70.72],[110.48,70.77],[110.54,70.8],[110.86,70.8],[111.07,70.85],[111.33,70.86],[111.52,70.94],[111.98,70.99],[112.08,71.06],[112.25,71.0],[112.56,71.1],[112.58,71.11],[112.52,71.16],[112.69,71.22],[112.71,71.25],[112.63,71.29],[112.5,71.27],[112.34,71.33],[112.0,71.41],[112.0,72.13],[111.76,72.14],[111.71,72.21],[111.62,72.21],[111.65,72.27],[111.56,72.32],[111.34,72.32],[111.06,72.38],[111.07,72.41],[111.3,72.5],[111.21,72.54],[110.88,72.58],[110.9,72.63],[110.7,72.65],[110.61,72.79],[110.7,72.83],[110.63,72.86],[110.63,72.89],[110.84,72.95],[110.75,73.0],[110.89,73.03],[110.9,73.05],[110.83,73.08],[110.77,73.17],[110.4,73.19],[110.59,73.26],[110.54,73.32],[110.16,73.39],[110.54,73.41],[110.77,73.51],[110.83,73.56],[111.08,73.59],[111.12,73.64],[110.91,73.69],[110.92,73.72],[110.88,73.73],[110.92,73.77],[110.88,73.77],[111.3,73.87]]],[[[162.38,70.68],[162.48,70.65],[162.24,70.65],[162.38,70.68]]],[[[161.66,70.79],[161.69,70.75],[161.46,70.8],[161.48,70.84],[161.53,70.84],[161.66,70.79]]],[[[160.72,70.84],[160.76,70.8],[160.5,70.81],[160.55,70.88],[160.45,70.87],[160.41,70.91],[160.52,70.94],[160.67,70.91],[160.72,70.84]]],[[[137.91,71.56],[137.97,71.51],[137.69,71.42],[137.48,71.48],[137.27,71.49],[137.41,71.46],[137.34,71.43],[136.99,71.52],[137.22,71.58],[137.71,71.6],[137.91,71.56]]],[[[128.83,72.66],[128.97,72.59],[128.65,72.53],[128.34,72.56],[128.1,72.63],[128.65,72.68],[128.83,72.66]]],[[[128.32,72.81],[128.42,72.87],[128.99,72.93],[129.22,72.93],[129.4,72.87],[129.42,72.81],[129.21,72.76],[128.32,72.81]]],[[[120.28,73.1],[120.21,73.05],[120.23,73.04],[119.72,73.03],[119.7,73.05],[119.76,73.07],[119.63,73.13],[120.02,73.17],[120.28,73.1]]],[[[143.47,73.32],[143.57,73.23],[143.41,73.19],[143.17,73.18],[141.51,73.3],[140.79,73.41],[140.5,73.41],[139.97,73.33],[139.82,73.34],[139.77,73.42],[139.91,73.47],[140.23,73.45],[140.49,73.49],[140.66,73.58],[140.9,73.8],[141.13,73.88],[141.37,73.86],[141.59,73.91],[142.05,73.92],[142.58,73.83],[143.41,73.54],[143.54,73.44],[143.44,73.41],[143.47,73.32]]],[[[124.59,73.92],[124.66,73.89],[124.51,73.84],[124.29,73.88],[124.38,73.94],[124.58,73.95],[124.46,73.92],[124.59,73.92]]],[[[136.26,73.96],[136.25,73.91],[136.14,73.88],[135.73,74.04],[135.66,74.11],[135.44,74.16],[135.35,74.26],[135.59,74.24],[136.01,74.1],[136.26,73.99],[136.26,73.96]]],[[[141.1,74.15],[141.04,74.0],[140.55,73.92],[140.33,73.94],[140.16,74.07],[140.22,74.22],[140.35,74.25],[140.89,74.28],[141.06,74.23],[141.11,74.17],[141.1,74.15]]],[[[116.1,74.35],[116.12,74.31],[116.05,74.29],[115.89,74.32],[115.98,74.38],[116.1,74.35]]],[[[113.41,74.44],[113.43,74.39],[113.24,74.3],[113.28,74.28],[113.22,74.24],[112.97,74.19],[112.77,74.09],[112.16,74.14],[111.94,74.22],[111.58,74.26],[111.46,74.31],[111.51,74.36],[111.65,74.38],[111.85,74.35],[111.95,74.37],[111.99,74.4],[111.97,74.42],[112.0,74.45],[111.97,74.48],[112.01,74.54],[112.11,74.55],[113.31,74.48],[113.41,74.44]]],[[[150.83,75.16],[150.96,75.14],[150.86,75.13],[150.65,75.01],[150.68,74.93],[150.61,74.89],[149.8,74.81],[149.72,74.77],[149.21,74.76],[148.17,74.8],[147.66,74.95],[147.09,75.01],[146.65,75.13],[146.22,75.18],[146.07,75.24],[146.17,75.29],[146.17,75.4],[146.26,75.39],[146.28,75.4],[146.26,75.44],[146.41,75.47],[146.34,75.52],[146.44,75.6],[146.77,75.51],[146.68,75.48],[146.63,75.44],[146.8,75.37],[147.33,75.35],[147.35,75.36],[147.31,75.37],[147.17,75.36],[147.27,75.41],[147.44,75.39],[147.33,75.43],[147.37,75.44],[148.41,75.42],[148.58,75.38],[148.44,75.29],[148.61,75.22],[148.9,75.22],[149.13,75.27],[150.13,75.23],[150.21,75.19],[150.16,75.16],[150.56,75.13],[150.47,75.1],[150.5,75.09],[150.63,75.12],[150.67,75.16],[150.83,75.16]]],[[[137.06,75.64],[137.14,75.65],[136.97,75.61],[137.06,75.64]]],[[[135.99,75.53],[135.97,75.48],[136.03,75.44],[135.98,75.42],[135.84,75.38],[135.45,75.38],[135.46,75.46],[135.59,75.57],[135.54,75.68],[135.59,75.7],[135.6,75.77],[135.67,75.8],[135.69,75.87],[135.82,75.78],[135.86,75.7],[136.18,75.62],[135.99,75.53]]],[[[145.37,75.54],[145.39,75.52],[145.07,75.5],[144.73,75.43],[144.68,75.33],[144.94,75.27],[144.72,75.25],[144.69,75.16],[144.38,75.05],[144.0,75.02],[143.75,75.08],[143.36,75.07],[142.88,75.15],[142.84,75.23],[142.71,75.24],[142.64,75.32],[142.49,75.38],[142.53,75.48],[142.72,75.55],[143.01,75.6],[143.04,75.65],[143.0,75.71],[142.34,75.73],[142.29,75.71],[142.43,75.68],[142.01,75.66],[142.21,75.64],[142.01,75.62],[142.14,75.6],[142.08,75.53],[142.19,75.47],[142.16,75.38],[142.41,75.27],[142.44,75.2],[142.58,75.16],[142.67,75.09],[143.61,75.01],[143.71,74.95],[143.46,74.9],[142.72,74.9],[142.63,74.85],[142.71,74.85],[142.68,74.83],[142.51,74.82],[142.36,74.82],[141.97,74.93],[142.08,74.96],[142.36,74.93],[142.2,75.0],[141.84,75.0],[141.37,74.92],[140.07,74.83],[139.97,74.9],[139.87,74.92],[139.85,74.96],[139.65,74.98],[139.46,74.93],[139.48,74.92],[139.48,74.87],[139.52,74.86],[139.64,74.89],[139.5,74.77],[139.34,74.69],[139.13,74.65],[138.82,74.71],[138.17,74.78],[137.9,74.85],[137.79,74.98],[137.13,75.14],[136.91,75.27],[136.92,75.32],[136.86,75.36],[137.04,75.39],[137.12,75.34],[137.25,75.34],[137.42,75.37],[137.4,75.42],[137.14,75.41],[137.15,75.46],[137.3,75.47],[137.18,75.55],[137.2,75.59],[137.29,75.6],[137.14,75.65],[137.16,75.69],[137.07,75.73],[137.2,75.79],[137.74,75.75],[137.71,75.79],[137.43,75.89],[137.43,75.95],[137.71,76.01],[138.03,76.03],[138.12,76.08],[137.97,76.05],[138.14,76.12],[138.38,76.16],[138.33,76.14],[138.43,76.06],[138.53,76.19],[139.05,76.24],[138.9,76.22],[138.96,76.21],[138.98,76.16],[139.11,76.1],[139.83,75.97],[139.91,75.94],[139.84,75.93],[139.8,75.89],[139.96,75.84],[140.15,75.8],[140.26,75.83],[140.51,75.79],[140.55,75.76],[140.46,75.7],[140.43,75.66],[140.48,75.64],[140.9,75.62],[141.06,75.65],[140.86,75.74],[140.91,75.81],[140.88,75.9],[140.91,75.98],[141.0,76.05],[141.23,76.06],[141.62,76.01],[141.31,76.18],[142.15,76.01],[142.55,75.86],[143.06,75.81],[143.39,75.81],[143.36,75.83],[143.58,75.87],[143.95,75.83],[144.19,75.77],[144.72,75.7],[144.81,75.64],[145.17,75.61],[145.37,75.54]]],[[[149.37,76.74],[149.26,76.71],[149.24,76.67],[149.26,76.63],[149.2,76.63],[148.43,76.63],[148.87,76.73],[149.45,76.77],[149.37,76.74]]],[[[152.88,76.15],[152.88,76.12],[152.77,76.08],[152.55,76.14],[152.83,76.2],[152.88,76.19],[152.88,76.15]]],[[[156.66,77.11],[156.65,77.08],[156.49,77.1],[156.55,77.13],[156.66,77.11]]],[[[161.89,69.65],[161.9,69.57],[161.87,69.55],[161.75,69.55],[161.67,69.62],[161.89,69.65]]]]},"properties":{"iso":"RU-SA"}},{"type":"Feature","geometry":{"type":"MultiPolygon","coordinates":[[[[51.39,54.68],[51.41,54.59],[51.49,54.6],[51.51,54.64],[51.7,54.56],[51.93,54.53],[51.93,54.44],[52.03,54.42],[52.08,54.34],[52.12,54.35],[52.1,54.39],[52.21,54.44],[52.35,54.46],[52.37,54.42],[52.42,54.47],[52.48,54.47],[52.5,54.4],[52.54,54.38],[52.51,54.33],[52.28,54.33],[52.2,54.3],[52.35,54.22],[52.34,54.17],[52.26,54.15],[52.27,54.12],[52.4,54.13],[52.48,54.06],[52.38,53.98],[52.41,53.93],[52.25,53.65],[52.18,53.56],[52.1,53.55],[52.08,53.51],[52.09,53.46],[52.19,53.38],[52.14,53.3],[52.16,53.26],[52.13,53.22],[52.13,53.17],[52.06,53.14],[52.16,53.1],[52.06,53.08],[52.05,52.99],[51.87,52.93],[51.81,52.88],[51.73,52.87],[51.72,52.83],[51.77,52.8],[51.73,52.67],[51.66,52.65],[51.55,52.68],[51.51,52.63],[51.55,52.57],[51.47,52.57],[51.48,52.51],[51.56,52.45],[51.47,52.41],[51.47,52.37],[51.41,52.35],[51.41,52.26],[51.45,52.22],[51.42,52.1],[50.9,51.85],[50.77,51.76],[50.72,51.82],[50.72,51.93],[50.37,52.01],[50.33,52.06],[50.3,52.02],[50.17,52.02],[50.17,52.1],[50.22,52.13],[50.07,52.16],[50.01,52.2],[49.81,52.19],[49.7,52.29],[49.65,52.27],[49.62,52.33],[49.64,52.35],[49.58,52.4],[49.52,52.39],[49.52,52.34],[49.48,52.33],[49.41,52.41],[49.32,52.39],[49.35,52.46],[49.23,52.51],[48.96,52.49],[48.89,52.41],[48.83,52.55],[48.74,52.56],[48.69,52.64],[48.49,52.69],[48.36,52.66],[48.42,52.77],[48.57,52.85],[48.59,52.92],[48.52,52.98],[48.32,52.98],[48.36,53.07],[48.27,53.06],[48.22,53.0],[48.15,53.06],[48.2,53.15],[48.13,53.17],[48.1,53.26],[47.95,53.36],[48.06,53.48],[48.17,53.48],[48.22,53.43],[48.24,53.46],[48.38,53.47],[48.38,53.55],[48.43,53.58],[48.35,53.61],[48.33,53.66],[48.42,53.63],[48.46,53.67],[48.6,53.67],[48.51,53.7],[48.47,53.77],[48.87,53.72],[49.03,53.86],[49.3,53.84],[49.41,53.87],[49.59,53.85],[49.62,53.81],[49.83,53.89],[49.86,53.84],[50.03,53.83],[50.05,53.87],[49.96,53.91],[49.97,53.96],[50.2,54.04],[50.26,54.29],[50.21,54.42],[50.12,54.43],[50.13,54.47],[50.08,54.52],[50.22,54.5],[50.28,54.44],[50.38,54.49],[50.51,54.33],[50.7,54.43],[50.94,54.34],[50.99,54.43],[51.01,54.54],[51.09,54.55],[51.19,54.65],[51.29,54.64],[51.39,54.68]]],[[[52.26,53.4],[52.3,53.38],[52.27,53.34],[52.23,53.35],[52.26,53.4]]]]},"properties":{"iso":"RU-SAM"}},{"type":"Feature","geometry":{"type":"MultiPolygon","coordinates":[[[[50.77,51.76],[50.75,51.71],[50.79,51.6],[50.67,51.57],[50.69,51.61],[50.58,51.64],[50.58,51.59],[50.53,51.57],[50.53,51.47],[50.36,51.41],[50.38,51.4],[50.34,51.37],[50.33,51.3],[49.99,51.23],[49.78,51.1],[49.44,51.11],[49.35,50.96],[49.42,50.88],[49.37,50.83],[49.14,50.78],[48.83,50.6],[48.57,50.64],[48.67,50.58],[48.7,50.33],[48.79,50.17],[48.78,50.11],[48.87,50.09],[48.89,50.02],[48.78,49.93],[48.43,49.81],[48.24,49.86],[47.99,50.18],[47.62,50.44],[47.56,50.45],[47.43,50.38],[47.24,50.38],[47.2,50.51],[46.94,50.49],[46.88,50.52],[46.87,50.56],[46.8,50.59],[46.83,50.64],[46.72,50.69],[46.58,50.7],[46.56,50.63],[46.47,50.61],[46.47,50.55],[46.32,50.57],[46.26,50.53],[46.09,50.53],[46.07,50.54],[46.06,50.66],[45.81,50.77],[45.68,50.73],[45.67,50.59],[45.52,50.56],[45.5,50.61],[45.23,50.59],[45.25,50.68],[45.17,50.72],[45.27,50.75],[45.31,50.88],[45.21,50.95],[45.2,51.04],[45.07,51.08],[45.04,51.13],[44.93,51.12],[44.88,51.15],[44.64,51.17],[44.58,51.13],[44.45,51.21],[44.41,51.19],[44.21,51.19],[44.16,51.09],[44.12,51.11],[44.01,51.08],[43.99,51.17],[43.91,51.16],[43.86,51.11],[43.68,51.11],[43.65,51.07],[43.33,51.02],[42.87,51.23],[42.91,51.25],[42.84,51.32],[42.86,51.38],[42.73,51.48],[42.53,51.58],[42.49,51.61],[42.51,51.62],[42.48,51.68],[42.65,51.81],[42.7,51.98],[42.81,52.01],[42.75,52.08],[42.75,52.17],[42.92,52.31],[42.92,52.37],[43.0,52.37],[43.18,52.46],[43.31,52.44],[43.35,52.39],[43.77,52.43],[44.04,52.35],[44.35,52.32],[44.34,52.35],[44.42,52.42],[44.54,52.43],[44.54,52.49],[44.5,52.52],[44.55,52.55],[44.65,52.49],[44.85,52.45],[44.91,52.38],[45.05,52.32],[45.1,52.34],[45.07,52.38],[45.14,52.42],[45.25,52.39],[45.35,52.42],[45.43,52.4],[45.51,52.44],[45.53,52.48],[45.64,52.52],[45.73,52.52],[45.73,52.46],[45.98,52.41],[46.01,52.46],[45.97,52.49],[46.09,52.56],[46.13,52.55],[46.15,52.6],[46.28,52.62],[46.3,52.68],[46.52,52.7],[46.58,52.73],[46.61,52.67],[46.71,52.63],[46.94,52.64],[47.06,52.57],[47.15,52.61],[47.21,52.57],[47.44,52.57],[47.57,52.62],[47.71,52.58],[47.77,52.62],[47.77,52.67],[47.84,52.72],[47.9,52.72],[47.93,52.67],[48.02,52.68],[48.09,52.72],[48.0,52.75],[48.25,52.81],[48.44,52.78],[48.36,52.66],[48.49,52.69],[48.69,52.64],[48.74,52.56],[48.83,52.55],[48.89,52.41],[48.96,52.49],[49.29,52.49],[49.35,52.46],[49.32,52.39],[49.41,52.41],[49.5,52.33],[49.52,52.39],[49.58,52.4],[49.64,52.35],[49.62,52.33],[49.65,52.27],[49.7,52.29],[49.81,52.19],[50.01,52.2],[50.07,52.16],[50.22,52.13],[50.17,52.1],[50.17,52.02],[50.3,52.02],[50.33,52.06],[50.39,52.0],[50.66,51.95],[50.73,51.92],[50.72,51.82],[50.77,51.76]]]]},"properties":{"iso":"RU-SAR"}},{"type":"Feature","geometry":{"type":"MultiPolygon","coordinates":[[[[43.94,42.55],[43.72,42.62],[43.81,42.72],[43.8,42.75],[43.39,42.9],[43.46,42.96],[43.57,42.94],[43.74,43.11],[43.85,43.31],[43.9,43.25],[44.01,43.25],[44.0,43.22],[44.02,43.21],[44.08,43.27],[44.04,43.36],[44.11,43.43],[44.16,43.42],[44.18,43.36],[44.32,43.43],[44.36,43.41],[44.4,43.42],[44.38,43.49],[44.43,43.65],[44.31,43.68],[44.28,43.82],[44.4,43.8],[44.69,43.83],[44.81,43.8],[44.85,43.71],[44.84,43.58],[44.71,43.62],[44.7,43.56],[44.62,43.55],[44.62,43.61],[44.54,43.6],[44.5,43.4],[44.57,43.39],[44.59,43.23],[44.66,43.21],[44.64,43.24],[44.68,43.25],[44.92,43.07],[44.93,42.91],[44.85,42.84],[44.63,42.88],[44.62,42.78],[44.64,42.74],[44.51,42.75],[44.27,42.7],[44.2,42.63],[44.06,42.62],[43.94,42.55]]]]},"properties":{"iso":"RU-SE"}},{"type":"Feature","geometry":{"type":"MultiPolygon","coordinates":[[[[30.98,55.02],[31.01,55.04],[30.97,55.1],[30.98,55.13],[30.79,55.29],[30.92,55.39],[30.88,55.45],[30.92,55.49],[30.91,55.58],[30.95,55.66],[31.03,55.7],[31.05,55.77],[31.21,55.72],[31.59,55.75],[31.75,55.71],[31.91,55.77],[32.09,55.7],[32.04,55.69],[32.05,55.66],[32.28,55.68],[32.34,55.71],[32.45,55.68],[32.5,55.7],[32.55,55.66],[32.71,55.69],[32.94,55.63],[32.98,55.65],[33.17,55.65],[33.23,55.7],[33.39,55.71],[33.52,55.76],[33.67,55.87],[33.66,55.95],[33.83,55.93],[33.83,55.99],[33.9,56.07],[34.22,56.07],[34.31,56.0],[34.37,56.01],[34.63,55.92],[34.76,55.97],[35.03,55.98],[35.21,55.94],[35.35,55.78],[35.31,55.72],[35.4,55.61],[35.38,55.56],[35.28,55.56],[35.32,55.5],[35.29,55.32],[35.37,55.24],[35.3,55.19],[35.24,55.06],[35.13,55.01],[35.14,54.97],[35.06,54.96],[34.99,54.88],[34.87,54.88],[34.85,54.82],[34.92,54.77],[34.65,54.66],[34.41,54.68],[34.5,54.63],[34.44,54.51],[34.39,54.5],[34.42,54.45],[34.37,54.42],[34.11,54.55],[33.72,54.56],[33.64,54.48],[33.67,54.45],[33.62,54.37],[33.68,54.32],[33.63,54.26],[33.59,54.25],[33.62,54.24],[33.62,54.18],[33.52,54.11],[33.55,54.1],[33.42,54.05],[33.49,54.03],[33.45,54.0],[33.48,53.97],[33.25,53.95],[33.25,53.88],[33.29,53.82],[33.21,53.8],[33.2,53.73],[32.92,53.59],[32.87,53.45],[32.77,53.41],[32.7,53.46],[32.65,53.46],[32.65,53.49],[32.58,53.49],[32.43,53.56],[32.4,53.64],[32.49,53.67],[32.46,53.71],[32.11,53.81],[31.87,53.78],[31.74,53.79],[31.84,53.96],[31.82,54.05],[31.77,54.05],[31.74,54.09],[31.51,54.14],[31.32,54.23],[31.21,54.45],[31.06,54.49],[31.17,54.62],[30.77,54.79],[30.77,54.83],[30.83,54.88],[30.81,54.93],[30.92,54.95],[30.91,55.02],[30.98,55.02]]]]},"properties":{"iso":"RU-SMO"}},{"type":"Feature","geometry":{"type":"MultiPolygon","coordinates":[[[[29.7,59.95],[30.16,59.87],[30.25,59.97],[29.95,60.03],[29.89,60.1],[29.9,60.13],[29.85,60.17],[29.7,60.2],[29.42,60.17],[29.45,60.21],[29.63,60.27],[30.39,60.12],[30.35,60.06],[30.53,59.97],[30.51,59.86],[30.76,59.78],[30.75,59.73],[30.56,59.69],[30.47,59.62],[30.26,59.61],[30.11,59.66],[29.85,59.83],[29.68,59.87],[29.7,59.95]]],[[[29.79,59.99],[29.79,59.98],[29.66,60.03],[29.79,59.99]]]]},"properties":{"iso":"RU-SPE"}},{"type":"Feature","geometry":{"type":"MultiPolygon","coordinates":[[[[41.64,45.98],[41.71,46.0],[42.04,45.97],[42.11,45.93],[42.16,45.96],[42.18,46.1],[42.33,46.13],[42.32,45.98],[42.52,45.99],[42.83,46.16],[42.84,46.2],[42.92,46.24],[42.99,46.18],[43.26,46.1],[43.39,46.02],[43.88,45.95],[44.08,45.8],[44.15,45.65],[44.28,45.58],[44.42,45.53],[44.74,45.5],[45.59,45.16],[45.72,45.0],[45.62,44.9],[45.65,44.8],[45.43,44.61],[45.27,44.59],[45.27,44.54],[45.23,44.49],[45.24,44.46],[45.41,44.44],[45.44,44.38],[45.4,44.32],[45.13,44.27],[45.1,44.22],[45.52,44.19],[45.51,44.02],[45.45,43.99],[45.45,43.89],[45.22,43.88],[45.2,43.95],[45.08,43.95],[45.06,43.91],[45.08,43.88],[45.08,43.78],[45.0,43.76],[44.96,43.67],[44.89,43.65],[44.83,43.67],[44.85,43.71],[44.8,43.8],[44.69,43.83],[44.4,43.8],[44.28,43.82],[44.3,43.89],[44.42,43.95],[44.42,44.0],[44.26,43.92],[43.91,43.99],[43.8,43.94],[43.74,43.84],[43.46,43.87],[43.33,43.81],[43.22,43.95],[43.1,43.89],[42.95,43.88],[42.85,43.82],[42.68,43.81],[42.66,43.91],[42.61,43.93],[42.65,43.97],[42.56,43.98],[42.59,44.04],[42.49,44.03],[42.5,43.97],[42.38,43.97],[42.31,44.06],[42.3,44.13],[42.56,44.24],[42.56,44.29],[42.35,44.27],[42.35,44.31],[42.29,44.33],[41.95,44.39],[41.91,44.49],[41.73,44.46],[41.72,44.5],[41.57,44.54],[41.55,44.6],[41.49,44.61],[41.41,44.7],[41.52,44.73],[41.59,44.79],[41.65,44.9],[41.66,44.97],[41.46,44.99],[41.35,45.11],[41.36,45.21],[41.29,45.24],[41.03,45.22],[41.01,45.38],[40.92,45.43],[40.91,45.5],[40.84,45.53],[40.86,45.69],[41.03,45.71],[41.13,45.68],[41.17,45.7],[41.18,45.75],[41.27,45.75],[41.28,45.8],[41.23,45.82],[41.26,45.87],[41.17,45.89],[41.16,45.95],[41.38,45.95],[41.42,45.99],[41.64,45.98]]]]},"properties":{"iso":"RU-STA"}},{"type":"Feature","geometry":{"type":"MultiPolygon","coordinates":[[[[57.64,56.1],[57.46,56.13],[57.48,56.18],[57.41,56.24],[57.42,56.32],[57.32,56.37],[57.35,56.46],[57.33,56.49],[57.38,56.57],[57.35,56.61],[57.43,56.66],[57.31,56.72],[57.32,56.75],[57.22,56.85],[57.34,56.92],[57.44,56.94],[57.46,56.9],[57.56,56.89],[57.75,56.93],[57.77,56.97],[57.82,56.97],[57.88,57.07],[58.0,57.09],[57.97,57.06],[58.07,57.05],[58.07,57.09],[58.02,57.11],[58.11,57.13],[58.04,57.14],[58.04,57.19],[57.99,57.19],[58.04,57.24],[57.94,57.33],[58.0,57.49],[57.98,57.54],[58.05,57.61],[58.12,57.56],[58.17,57.63],[58.17,57.69],[58.44,57.68],[58.44,57.6],[58.52,57.58],[58.83,57.73],[58.86,57.83],[58.76,57.84],[58.6,58.0],[58.67,58.1],[58.84,58.2],[59.0,58.2],[59.2,58.3],[59.28,58.37],[59.29,58.42],[59.46,58.49],[59.39,58.59],[59.42,58.68],[59.38,58.71],[59.2,58.71],[59.17,58.76],[59.08,58.77],[59.07,58.89],[59.14,58.9],[59.18,58.95],[59.09,59.02],[59.17,59.17],[58.67,59.29],[58.52,59.44],[58.31,59.47],[58.4,59.55],[58.45,59.71],[58.58,59.72],[58.68,59.86],[58.81,59.86],[58.86,59.93],[59.0,59.93],[58.95,60.0],[59.05,60.04],[59.05,60.11],[59.19,60.27],[59.16,60.37],[59.23,60.48],[59.39,60.58],[59.47,60.82],[59.47,60.94],[59.37,60.97],[59.38,61.05],[59.34,61.09],[59.36,61.15],[59.27,61.21],[59.26,61.28],[59.31,61.37],[59.42,61.43],[59.4,61.6],[59.34,61.66],[59.39,61.76],[59.33,61.83],[59.49,61.99],[59.65,61.94],[59.78,61.95],[59.98,61.9],[59.98,61.76],[60.06,61.72],[60.43,61.75],[61.17,61.68],[61.93,61.4],[62.42,61.31],[62.62,61.21],[62.86,61.0],[62.76,60.86],[62.88,60.64],[63.09,60.46],[63.22,60.3],[63.2,60.23],[63.4,60.17],[63.6,60.15],[63.64,60.12],[63.64,60.05],[63.7,59.99],[63.8,59.79],[63.83,59.48],[64.03,59.4],[64.32,59.41],[65.04,59.33],[65.1,59.24],[65.2,59.22],[65.38,58.92],[65.67,58.66],[65.93,58.61],[65.99,58.32],[66.2,58.04],[65.85,57.95],[65.8,57.89],[65.66,57.89],[65.64,57.87],[65.66,57.84],[65.54,57.78],[65.47,57.78],[65.43,57.83],[64.84,57.64],[65.0,57.59],[64.92,57.53],[64.91,57.48],[64.84,57.45],[64.88,57.35],[64.83,57.3],[64.92,57.3],[64.99,57.24],[64.99,57.05],[65.04,57.01],[65.07,56.91],[65.11,56.89],[65.23,56.93],[65.23,56.87],[65.14,56.77],[64.96,56.77],[64.84,56.84],[64.33,56.75],[64.33,56.7],[64.36,56.66],[64.31,56.61],[64.21,56.59],[64.2,56.55],[64.24,56.52],[64.2,56.47],[63.85,56.49],[63.74,56.54],[63.6,56.56],[63.57,56.6],[63.41,56.62],[63.35,56.56],[63.36,56.51],[63.31,56.55],[63.31,56.58],[63.13,56.57],[63.0,56.6],[62.89,56.58],[62.86,56.55],[62.77,56.56],[62.71,56.51],[62.62,56.5],[62.59,56.52],[62.6,56.57],[62.54,56.58],[62.33,56.47],[62.25,56.36],[62.07,56.29],[62.07,56.13],[61.85,56.19],[61.85,56.22],[61.64,56.32],[61.54,56.3],[61.38,56.37],[61.27,56.33],[61.15,56.38],[61.08,56.33],[61.16,56.23],[61.07,56.2],[60.91,56.19],[60.72,56.24],[60.58,56.21],[60.31,56.24],[60.2,56.21],[59.92,56.26],[59.79,56.23],[59.66,56.25],[59.7,56.31],[59.35,56.32],[59.21,56.35],[59.12,56.31],[59.17,56.26],[59.13,56.21],[59.0,56.22],[59.03,56.17],[59.01,56.11],[58.93,56.06],[58.75,56.06],[58.54,56.16],[58.46,56.15],[58.35,56.06],[58.32,56.07],[58.3,56.11],[58.08,56.14],[57.91,56.12],[57.8,56.15],[57.64,56.1]]]]},"properties":{"iso":"RU-SVE"}},{"type":"Feature","geometry":{"type":"MultiPolygon","coordinates":[[[[53.63,55.91],[53.75,55.87],[53.87,55.89],[53.92,55.85],[53.99,55.85],[53.97,55.78],[54.04,55.8],[54.03,55.76],[54.1,55.77],[54.23,55.69],[54.17,55.62],[54.0,55.55],[53.91,55.39],[53.71,55.33],[53.6,55.25],[53.59,55.21],[53.42,55.22],[53.33,55.17],[53.15,55.15],[53.14,55.1],[53.26,55.05],[53.26,55.01],[53.41,54.99],[53.5,54.89],[53.64,54.9],[53.58,54.82],[53.6,54.81],[53.58,54.76],[53.61,54.71],[53.42,54.56],[53.43,54.5],[53.35,54.39],[53.36,54.33],[53.43,54.27],[53.42,54.23],[53.47,54.05],[53.38,53.97],[53.26,54.07],[53.19,54.09],[53.07,54.07],[53.09,54.11],[52.94,54.2],[53.11,54.25],[53.05,54.34],[53.0,54.31],[53.01,54.27],[52.9,54.28],[52.93,54.31],[52.54,54.38],[52.5,54.4],[52.5,54.46],[52.44,54.48],[52.37,54.42],[52.35,54.46],[52.21,54.44],[52.1,54.39],[52.12,54.35],[52.08,54.34],[52.03,54.42],[51.93,54.44],[51.93,54.53],[51.7,54.56],[51.51,54.64],[51.49,54.6],[51.41,54.59],[51.39,54.68],[51.29,54.64],[51.19,54.65],[51.09,54.55],[51.01,54.54],[50.99,54.43],[50.94,54.34],[50.7,54.43],[50.51,54.33],[50.38,54.49],[50.28,54.44],[50.22,54.5],[49.98,54.51],[49.75,54.57],[49.56,54.57],[49.58,54.6],[49.52,54.64],[49.56,54.67],[49.5,54.7],[49.52,54.72],[49.48,54.78],[49.28,54.89],[49.23,54.85],[49.17,54.85],[49.12,54.8],[49.0,54.79],[48.83,54.65],[48.48,54.63],[48.36,54.7],[48.3,54.68],[48.27,54.69],[48.3,54.74],[48.13,54.73],[48.08,54.77],[47.97,54.74],[47.91,54.66],[47.84,54.64],[47.81,54.67],[47.84,54.73],[47.76,54.74],[47.64,54.57],[47.59,54.54],[47.47,54.55],[47.41,54.5],[47.37,54.52],[47.34,54.61],[47.24,54.68],[47.37,54.75],[47.38,54.83],[47.43,54.89],[47.49,54.86],[47.75,54.83],[47.76,54.9],[47.8,54.82],[47.85,54.82],[47.79,54.94],[48.0,54.97],[48.03,55.02],[47.92,55.06],[48.07,55.1],[48.08,55.15],[48.01,55.24],[48.01,55.28],[47.92,55.31],[47.87,55.28],[47.89,55.24],[47.82,55.28],[47.79,55.22],[47.7,55.22],[47.7,55.32],[47.83,55.34],[47.97,55.5],[48.09,55.54],[48.06,55.6],[48.02,55.59],[48.03,55.63],[48.09,55.68],[48.12,55.66],[48.38,55.79],[48.42,55.9],[48.68,55.95],[48.7,56.08],[48.83,56.07],[49.0,56.21],[49.05,56.21],[48.93,56.26],[49.02,56.3],[49.04,56.36],[49.12,56.4],[49.14,56.36],[49.23,56.4],[49.26,56.36],[49.34,56.36],[49.41,56.38],[49.42,56.48],[49.45,56.48],[49.46,56.43],[49.54,56.43],[49.57,56.5],[49.65,56.53],[49.79,56.53],[49.81,56.5],[49.75,56.47],[49.85,56.44],[49.96,56.5],[49.95,56.45],[49.98,56.44],[50.08,56.51],[50.17,56.54],[50.19,56.59],[50.07,56.62],[50.16,56.62],[50.19,56.66],[50.3,56.64],[50.32,56.68],[50.4,56.64],[50.42,56.59],[50.48,56.62],[50.45,56.55],[50.55,56.42],[50.62,56.4],[50.58,56.36],[50.73,56.33],[50.78,56.36],[50.77,56.4],[50.85,56.39],[50.91,56.3],[50.84,56.24],[51.07,56.13],[51.19,56.14],[51.22,56.1],[51.31,56.07],[51.37,56.13],[51.64,56.15],[51.62,56.11],[51.48,56.07],[51.4,55.99],[51.41,55.96],[51.44,55.92],[51.74,55.96],[51.78,55.89],[51.96,55.98],[52.04,55.95],[52.06,55.9],[52.17,55.9],[52.25,55.95],[52.2,56.02],[52.24,56.07],[52.19,56.07],[52.22,56.09],[52.38,56.03],[52.47,56.04],[52.45,56.07],[52.47,56.07],[52.66,56.02],[52.72,56.06],[52.72,56.14],[52.83,56.09],[52.85,56.12],[52.82,56.13],[52.84,56.16],[52.81,56.2],[52.58,56.23],[52.56,56.26],[52.63,56.29],[52.73,56.39],[52.84,56.4],[52.96,56.46],[52.83,56.52],[53.09,56.53],[52.94,56.37],[52.98,56.35],[52.94,56.31],[52.98,56.28],[52.96,56.25],[53.0,56.22],[52.99,56.19],[53.06,56.19],[53.05,56.14],[53.15,56.16],[53.18,56.12],[53.33,56.09],[53.34,56.16],[53.26,56.25],[53.32,56.27],[53.54,56.25],[53.56,56.18],[53.38,56.0],[53.2,55.92],[53.31,55.86],[53.63,55.91]]]]},"properties":{"iso":"RU-TA"}},{"type":"Feature","geometry":{"type":"MultiPolygon","coordinates":[[[[40.1,52.97],[40.12,52.99],[40.09,53.02],[40.15,53.09],[40.12,53.3],[40.16,53.34],[40.31,53.37],[40.39,53.35],[40.42,53.49],[40.48,53.45],[40.69,53.56],[40.85,53.48],[40.93,53.51],[41.17,53.43],[41.35,53.55],[41.35,53.75],[41.4,53.78],[41.57,53.8],[41.66,53.78],[41.75,53.82],[42.13,53.81],[42.15,53.78],[42.09,53.74],[42.12,53.69],[42.09,53.64],[42.1,53.53],[42.28,53.47],[42.31,53.44],[42.25,53.41],[42.25,53.37],[42.35,53.37],[42.56,53.21],[42.51,53.17],[42.55,53.12],[42.63,53.11],[42.75,53.02],[42.92,52.96],[43.1,52.82],[43.24,52.66],[43.04,52.56],[43.1,52.51],[43.0,52.5],[43.08,52.4],[43.0,52.37],[42.92,52.37],[42.92,52.31],[42.75,52.17],[42.75,52.08],[42.81,52.01],[42.7,51.98],[42.65,51.81],[42.48,51.68],[42.51,51.62],[42.49,51.61],[42.42,51.64],[42.33,51.59],[42.27,51.6],[42.25,51.69],[42.19,51.73],[42.12,51.71],[42.12,51.64],[41.95,51.66],[41.5,51.8],[41.44,51.76],[41.3,51.79],[41.28,51.74],[41.07,51.71],[40.89,51.75],[40.94,51.89],[40.84,51.92],[40.78,51.9],[40.73,51.94],[40.5,51.95],[40.51,52.04],[40.63,52.07],[40.62,52.13],[40.7,52.23],[40.68,52.29],[40.34,52.4],[40.26,52.48],[40.05,52.57],[40.04,52.61],[39.95,52.65],[39.98,52.71],[39.95,52.74],[40.04,52.81],[40.08,52.8],[40.07,52.94],[40.1,52.97]]]]},"properties":{"iso":"RU-TAM"}},{"type":"Feature","geometry":{"type":"MultiPolygon","coordinates":[[[[38.9,53.57],[38.7,53.51],[38.75,53.38],[38.48,53.31],[38.6,53.24],[38.58,53.17],[38.64,53.12],[38.6,53.06],[38.47,53.04],[38.33,52.96],[38.27,53.02],[38.2,53.02],[38.1,53.06],[37.91,53.07],[37.84,53.01],[37.8,53.07],[37.71,53.13],[37.61,53.11],[37.59,53.14],[37.56,53.19],[37.56,53.3],[37.49,53.28],[37.34,53.31],[37.2,53.25],[36.99,53.31],[36.92,53.29],[36.78,53.3],[36.67,53.42],[36.54,53.39],[36.4,53.43],[36.23,53.57],[36.11,53.56],[36.01,53.59],[35.99,53.65],[36.06,53.7],[35.96,53.73],[35.93,53.79],[35.96,53.82],[35.91,53.85],[35.97,53.86],[36.03,53.94],[36.11,53.96],[36.12,54.03],[36.22,54.07],[36.17,54.11],[36.09,54.1],[36.07,54.12],[36.11,54.14],[36.03,54.19],[36.1,54.2],[36.19,54.16],[36.24,54.23],[36.41,54.21],[36.46,54.29],[36.71,54.32],[36.73,54.28],[36.93,54.29],[36.96,54.4],[36.91,54.46],[36.85,54.47],[36.81,54.61],[37.02,54.58],[37.07,54.54],[37.21,54.69],[37.18,54.72],[37.26,54.84],[37.45,54.83],[37.56,54.74],[37.67,54.71],[37.76,54.74],[37.76,54.82],[37.94,54.83],[37.96,54.77],[38.03,54.76],[38.05,54.71],[38.22,54.66],[38.47,54.64],[38.52,54.6],[38.44,54.53],[38.38,54.51],[38.39,54.47],[38.5,54.39],[38.52,54.29],[38.68,54.24],[38.67,54.17],[38.75,54.18],[38.76,54.13],[38.69,54.07],[38.71,54.0],[38.75,54.01],[38.77,53.96],[38.84,53.94],[38.79,53.88],[38.82,53.85],[38.8,53.78],[38.92,53.75],[38.9,53.65],[38.87,53.63],[38.91,53.61],[38.9,53.57]]]]},"properties":{"iso":"RU-TUL"}},{"type":"Feature","geometry":{"type":"MultiPolygon","coordinates":[[[[37.63,58.49],[37.64,58.43],[37.53,58.4],[37.45,58.41],[37.37,58.35],[37.42,58.32],[37.35,58.25],[37.39,58.19],[37.55,58.17],[37.67,58.08],[37.54,58.05],[37.52,57.99],[37.37,57.98],[37.37,57.95],[37.49,57.92],[37.5,57.89],[37.35,57.89],[37.42,57.86],[37.38,57.83],[37.46,57.83],[37.54,57.74],[37.65,57.7],[37.66,57.68],[37.83,57.63],[37.8,57.51],[37.84,57.47],[37.79,57.43],[38.09,57.34],[38.29,57.37],[38.31,57.28],[38.15,57.23],[38.15,57.19],[38.25,57.14],[38.26,57.09],[38.22,57.01],[38.15,56.99],[38.21,56.96],[38.2,56.9],[38.12,56.88],[38.26,56.77],[38.01,56.77],[37.94,56.88],[37.88,56.87],[37.71,56.95],[37.55,56.91],[37.56,56.85],[37.5,56.78],[37.15,56.75],[37.12,56.71],[37.16,56.68],[37.13,56.63],[37.15,56.58],[37.05,56.52],[36.83,56.58],[36.55,56.49],[36.52,56.44],[36.17,56.41],[36.08,56.34],[35.98,56.39],[35.77,56.39],[35.65,56.47],[35.48,56.46],[35.46,56.45],[35.5,56.39],[35.53,56.4],[35.55,56.37],[35.5,56.35],[35.53,56.33],[35.52,56.26],[35.37,56.23],[35.38,56.18],[35.3,56.11],[35.33,56.06],[35.22,56.03],[35.17,55.95],[35.03,55.98],[34.76,55.97],[34.63,55.92],[34.37,56.01],[34.31,56.0],[34.24,56.07],[33.9,56.07],[33.83,55.99],[33.83,55.93],[33.66,55.95],[33.67,55.87],[33.52,55.76],[33.39,55.71],[33.23,55.7],[33.17,55.65],[32.98,55.65],[32.94,55.63],[32.71,55.69],[32.55,55.66],[32.5,55.7],[32.45,55.68],[32.34,55.71],[32.28,55.68],[32.05,55.66],[32.04,55.69],[32.09,55.7],[31.91,55.77],[31.75,55.71],[31.59,55.75],[31.47,55.73],[31.41,55.83],[31.41,55.89],[31.34,55.96],[31.51,56.05],[31.47,56.13],[31.49,56.3],[31.24,56.34],[31.2,56.45],[31.02,56.48],[31.08,56.62],[31.06,56.68],[30.94,56.68],[30.88,56.66],[30.82,56.72],[30.82,56.76],[30.78,56.77],[30.8,56.8],[30.89,56.8],[30.9,56.9],[30.97,56.91],[31.0,56.97],[31.11,56.93],[31.31,56.97],[31.54,56.94],[31.68,57.01],[31.67,57.06],[31.71,57.1],[31.89,57.12],[31.94,57.08],[32.13,57.18],[32.28,57.2],[32.26,57.28],[32.39,57.24],[32.65,57.33],[32.69,57.4],[32.81,57.46],[33.05,57.44],[33.09,57.47],[33.29,57.43],[33.23,57.54],[33.31,57.57],[33.32,57.65],[33.54,57.72],[33.58,57.85],[33.7,57.92],[33.69,58.0],[33.54,58.06],[33.65,58.1],[33.64,58.13],[33.68,58.15],[33.88,58.15],[34.0,58.22],[34.05,58.19],[34.14,58.21],[34.49,58.15],[34.53,58.11],[34.69,58.08],[34.71,58.1],[34.71,58.17],[34.68,58.2],[34.72,58.22],[34.94,58.24],[35.04,58.2],[35.15,58.22],[35.27,58.27],[35.26,58.38],[35.39,58.43],[35.58,58.45],[35.93,58.42],[35.96,58.47],[36.17,58.52],[36.27,58.54],[36.33,58.5],[36.49,58.53],[36.51,58.59],[36.59,58.6],[36.71,58.7],[36.7,58.73],[36.81,58.74],[36.8,58.82],[37.09,58.87],[37.38,58.63],[37.63,58.49]]]]},"properties":{"iso":"RU-TVE"}},{"type":"Feature","geometry":{"type":"MultiPolygon","coordinates":[[[[69.19,55.33],[69.12,55.4],[68.93,55.43],[68.9,55.42],[68.92,55.37],[68.98,55.35],[68.98,55.31],[68.95,55.27],[68.85,55.34],[68.63,55.39],[68.61,55.42],[68.47,55.41],[68.44,55.47],[68.34,55.49],[68.31,55.56],[68.17,55.59],[68.18,55.71],[67.94,55.66],[67.82,55.72],[67.45,55.74],[67.3,55.9],[67.3,55.96],[67.15,55.95],[66.99,55.99],[66.82,55.96],[66.74,56.05],[66.43,55.95],[66.3,56.06],[66.19,56.07],[66.01,55.99],[65.79,56.11],[65.67,56.27],[65.16,56.29],[65.11,56.33],[65.21,56.37],[65.14,56.38],[65.09,56.45],[64.97,56.5],[65.02,56.64],[64.99,56.66],[64.98,56.75],[65.17,56.78],[65.24,56.92],[65.07,56.91],[65.04,57.01],[64.99,57.05],[64.99,57.24],[64.92,57.3],[64.83,57.3],[64.88,57.35],[64.84,57.45],[64.91,57.48],[64.92,57.53],[65.0,57.59],[64.84,57.64],[65.43,57.83],[65.47,57.78],[65.54,57.78],[65.66,57.84],[65.64,57.87],[65.66,57.89],[65.8,57.89],[65.85,57.95],[66.2,58.03],[65.99,58.32],[65.93,58.61],[66.38,58.59],[66.74,58.67],[66.78,58.7],[66.78,58.93],[66.97,58.98],[67.07,58.92],[67.26,59.02],[67.56,59.09],[67.74,59.21],[68.2,59.24],[68.36,59.28],[68.57,59.57],[68.84,59.62],[69.3,59.78],[69.27,59.82],[69.07,59.9],[69.13,59.94],[69.31,59.99],[69.54,59.98],[69.57,59.92],[69.62,59.9],[70.15,59.9],[70.25,59.84],[70.4,59.82],[70.8,59.86],[70.99,59.82],[71.19,59.91],[71.3,59.8],[71.78,59.65],[71.88,59.57],[72.02,59.56],[72.44,59.3],[72.44,59.23],[72.52,59.16],[72.65,59.11],[72.86,59.16],[72.93,59.14],[72.98,59.1],[72.95,59.02],[73.09,58.95],[73.03,58.86],[73.44,58.82],[73.63,58.85],[73.76,58.81],[73.98,58.81],[74.1,58.74],[74.74,58.75],[74.9,58.7],[75.01,58.72],[75.16,58.65],[75.11,58.58],[74.9,58.48],[74.88,58.43],[74.8,58.42],[74.61,58.29],[74.48,58.27],[74.21,58.13],[73.09,58.15],[72.86,58.01],[72.15,58.03],[71.99,58.12],[71.25,58.08],[71.22,58.17],[71.24,58.34],[71.3,58.39],[71.13,58.45],[71.08,58.52],[70.86,58.53],[70.44,57.93],[70.38,57.92],[70.43,57.87],[70.43,57.78],[70.48,57.76],[70.5,57.71],[70.57,57.7],[70.58,57.58],[70.67,57.59],[70.69,57.57],[70.69,57.52],[70.44,57.41],[70.43,57.38],[70.5,57.3],[70.65,57.26],[70.61,57.2],[70.78,57.21],[70.75,57.27],[70.8,57.32],[71.1,57.34],[71.1,57.3],[71.14,57.26],[71.09,57.22],[71.22,57.2],[71.37,57.06],[71.62,56.95],[71.66,56.92],[71.67,56.83],[71.6,56.8],[71.56,56.73],[71.42,56.73],[71.36,56.67],[71.06,56.7],[71.11,56.64],[71.05,56.54],[70.97,56.5],[70.78,56.47],[70.94,56.4],[70.93,56.35],[70.77,56.29],[70.85,56.24],[70.81,56.2],[70.83,56.16],[70.91,56.13],[70.86,55.98],[70.76,55.9],[70.48,55.88],[70.59,55.84],[70.75,55.85],[70.73,55.82],[70.59,55.8],[70.54,55.71],[70.56,55.67],[70.75,55.59],[70.69,55.51],[70.55,55.49],[70.49,55.44],[70.47,55.4],[70.5,55.33],[70.38,55.21],[70.2,55.13],[69.94,55.2],[69.8,55.29],[69.67,55.33],[69.33,55.39],[69.19,55.33]],[[70.76,55.99],[70.81,56.04],[70.75,56.02],[70.76,55.99]],[[70.73,55.94],[70.77,55.95],[70.7,55.95],[70.73,55.94]]]]},"properties":{"iso":"RU-TYU"}},{"type":"Feature","geometry":{"type":"MultiPolygon","coordinates":[[[[54.35,56.36],[54.32,56.34],[54.37,56.3],[54.35,56.25],[54.12,56.16],[54.01,56.03],[53.84,56.04],[53.79,55.97],[53.67,55.96],[53.63,55.91],[53.29,55.86],[53.19,55.94],[53.29,55.94],[53.41,56.02],[53.48,56.12],[53.55,56.15],[53.55,56.24],[53.42,56.28],[53.26,56.25],[53.34,56.15],[53.33,56.08],[53.18,56.12],[53.15,56.16],[53.05,56.14],[53.06,56.19],[52.99,56.19],[53.0,56.22],[52.96,56.25],[52.98,56.28],[52.94,56.31],[52.98,56.35],[52.94,56.37],[53.09,56.52],[52.94,56.54],[52.92,56.51],[52.83,56.52],[52.95,56.47],[52.95,56.45],[52.84,56.4],[52.73,56.39],[52.63,56.29],[52.56,56.26],[52.58,56.23],[52.81,56.2],[52.84,56.16],[52.82,56.13],[52.85,56.12],[52.83,56.09],[52.72,56.14],[52.73,56.07],[52.67,56.02],[52.47,56.07],[52.45,56.07],[52.47,56.04],[52.38,56.03],[52.22,56.09],[52.19,56.07],[52.24,56.07],[52.2,56.02],[52.25,55.95],[52.16,55.9],[52.06,55.9],[52.04,55.95],[51.96,55.98],[51.78,55.89],[51.73,55.96],[51.44,55.92],[51.4,55.99],[51.5,56.08],[51.62,56.11],[51.65,56.14],[51.44,56.14],[51.46,56.22],[51.38,56.23],[51.42,56.29],[51.32,56.33],[51.29,56.44],[51.2,56.44],[51.14,56.5],[51.2,56.53],[51.17,56.56],[51.2,56.67],[51.38,56.68],[51.4,56.77],[51.54,56.88],[51.32,56.95],[51.33,57.0],[51.23,57.07],[51.24,57.14],[51.19,57.16],[51.19,57.2],[51.12,57.26],[51.14,57.38],[51.23,57.46],[51.4,57.48],[51.59,57.44],[51.63,57.54],[51.74,57.54],[51.85,57.63],[51.87,57.72],[51.93,57.76],[51.92,57.82],[51.84,57.85],[51.89,57.98],[51.79,58.04],[51.82,58.08],[51.79,58.13],[51.67,58.17],[51.79,58.28],[51.8,58.36],[51.97,58.46],[52.18,58.49],[52.33,58.45],[52.87,58.41],[52.92,58.53],[53.12,58.54],[53.17,58.46],[53.32,58.39],[53.5,58.45],[53.78,58.44],[53.79,58.4],[53.89,58.32],[53.81,58.23],[53.89,58.19],[53.94,58.1],[54.09,57.99],[54.09,57.91],[54.14,57.83],[54.16,57.71],[54.08,57.67],[54.12,57.62],[53.99,57.57],[54.09,57.52],[54.12,57.56],[54.18,57.56],[54.2,57.53],[54.17,57.51],[54.18,57.47],[54.26,57.46],[54.27,57.43],[54.16,57.39],[54.12,57.31],[54.32,57.29],[54.32,57.14],[54.28,57.1],[54.4,57.04],[54.1,56.97],[54.1,56.8],[54.05,56.75],[53.95,56.74],[53.87,56.81],[53.82,56.8],[53.87,56.7],[53.84,56.64],[53.95,56.63],[54.02,56.68],[54.08,56.67],[54.09,56.64],[54.04,56.59],[54.18,56.53],[54.24,56.43],[54.32,56.45],[54.35,56.36]]]]},"properties":{"iso":"RU-UD"}},{"type":"Feature","geometry":{"type":"MultiPolygon","coordinates":[[[[48.1,55.02],[48.11,55.0],[48.03,54.96],[48.1,55.02]]],[[[49.28,54.89],[49.48,54.78],[49.52,54.72],[49.5,54.7],[49.56,54.67],[49.52,54.64],[49.58,54.6],[49.56,54.57],[49.75,54.57],[49.98,54.51],[50.06,54.52],[50.12,54.48],[50.12,54.43],[50.21,54.42],[50.26,54.29],[50.2,54.14],[50.22,54.07],[50.2,54.04],[49.97,53.96],[49.96,53.91],[50.05,53.87],[50.03,53.83],[49.86,53.84],[49.83,53.89],[49.62,53.81],[49.59,53.85],[49.41,53.87],[49.3,53.84],[49.03,53.86],[48.87,53.72],[48.47,53.77],[48.51,53.7],[48.6,53.67],[48.46,53.67],[48.42,53.63],[48.33,53.66],[48.35,53.61],[48.43,53.58],[48.38,53.55],[48.38,53.47],[48.24,53.46],[48.22,53.43],[48.17,53.48],[48.06,53.48],[47.95,53.37],[48.1,53.26],[48.13,53.17],[48.2,53.15],[48.16,53.04],[48.23,53.0],[48.27,53.06],[48.36,53.06],[48.32,52.98],[48.52,52.98],[48.59,52.92],[48.59,52.88],[48.44,52.78],[48.25,52.81],[48.1,52.79],[47.99,52.75],[48.09,52.72],[48.02,52.68],[47.93,52.67],[47.9,52.72],[47.84,52.72],[47.78,52.68],[47.78,52.62],[47.72,52.58],[47.57,52.62],[47.44,52.57],[47.21,52.57],[47.15,52.61],[47.06,52.57],[46.94,52.64],[46.83,52.62],[46.84,52.71],[46.98,52.77],[46.97,52.84],[46.9,52.88],[46.94,52.91],[46.91,53.08],[46.97,53.18],[46.87,53.19],[46.88,53.24],[46.94,53.26],[46.91,53.34],[46.68,53.45],[46.68,53.48],[46.49,53.51],[46.46,53.6],[46.5,53.62],[46.4,53.68],[46.34,53.76],[46.27,53.76],[46.28,53.8],[46.19,53.85],[46.2,53.92],[46.01,54.0],[45.85,53.97],[45.79,54.0],[45.88,54.03],[45.91,54.1],[46.02,54.19],[46.27,54.21],[46.74,54.34],[46.73,54.38],[46.56,54.4],[46.51,54.44],[46.59,54.5],[46.48,54.5],[46.54,54.58],[46.44,54.58],[46.52,54.65],[46.44,54.69],[46.44,54.77],[46.85,54.63],[47.06,54.69],[47.18,54.66],[47.24,54.68],[47.34,54.61],[47.37,54.52],[47.41,54.5],[47.47,54.55],[47.59,54.54],[47.64,54.57],[47.76,54.74],[47.84,54.73],[47.81,54.67],[47.84,54.64],[47.91,54.66],[47.97,54.74],[48.08,54.77],[48.13,54.73],[48.3,54.74],[48.27,54.69],[48.3,54.68],[48.36,54.7],[48.48,54.63],[48.83,54.65],[49.0,54.79],[49.12,54.8],[49.17,54.85],[49.23,54.85],[49.28,54.89]]]]},"properties":{"iso":"RU-ULY"}},{"type":"Feature","geometry":{"type":"MultiPolygon","coordinates":[[[[47.43,50.38],[47.29,50.28],[47.32,50.24],[47.27,50.19],[47.33,50.11],[47.31,50.04],[47.18,49.95],[46.96,49.88],[46.9,49.82],[46.78,49.33],[46.98,49.24],[47.04,49.15],[46.93,49.0],[46.75,48.91],[46.62,48.67],[46.3,48.84],[46.03,48.87],[45.96,48.84],[45.76,48.67],[45.62,48.6],[45.34,48.54],[45.25,48.56],[45.21,48.53],[45.22,48.51],[45.32,48.5],[45.37,48.46],[45.32,48.43],[45.19,48.48],[45.17,48.44],[45.03,48.39],[44.98,48.27],[45.16,48.24],[45.17,48.18],[45.26,48.16],[45.3,48.1],[45.13,48.11],[44.95,48.21],[44.94,48.14],[44.83,48.07],[44.65,48.09],[44.57,48.06],[44.55,48.07],[44.53,48.21],[44.31,48.26],[44.33,48.06],[44.47,48.04],[44.47,47.98],[44.39,47.92],[44.39,47.87],[44.06,47.9],[44.02,47.87],[44.03,47.82],[43.97,47.77],[43.84,47.76],[43.71,47.68],[43.63,47.57],[43.73,47.48],[43.67,47.45],[43.57,47.49],[43.23,47.45],[43.16,47.49],[43.14,47.57],[43.06,47.58],[43.0,47.52],[42.95,47.52],[42.73,47.85],[42.49,48.01],[42.33,48.05],[42.27,48.02],[42.02,48.04],[42.05,48.13],[42.1,48.16],[42.05,48.26],[42.15,48.29],[42.08,48.41],[42.28,48.5],[42.63,48.55],[42.7,48.62],[42.65,48.71],[42.75,48.8],[42.66,48.9],[42.66,48.97],[42.39,49.05],[42.34,49.15],[42.07,49.15],[42.03,49.26],[42.09,49.29],[42.05,49.4],[42.07,49.5],[42.11,49.53],[42.18,49.69],[41.88,49.9],[41.62,49.96],[41.58,50.0],[41.59,50.05],[41.49,50.08],[41.36,50.23],[41.51,50.39],[41.42,50.5],[41.53,50.6],[41.41,50.62],[41.33,50.72],[41.17,50.78],[41.37,50.83],[41.44,50.92],[41.72,51.02],[41.85,51.19],[41.95,51.2],[42.14,51.14],[42.28,51.13],[42.57,51.17],[42.72,51.24],[42.84,51.24],[43.36,51.01],[43.65,51.07],[43.68,51.11],[43.86,51.11],[43.91,51.16],[43.98,51.17],[44.01,51.15],[44.01,51.08],[44.12,51.11],[44.16,51.09],[44.21,51.19],[44.41,51.19],[44.45,51.21],[44.58,51.13],[44.63,51.17],[44.87,51.15],[44.92,51.12],[45.04,51.13],[45.07,51.08],[45.19,51.05],[45.21,50.95],[45.28,50.91],[45.31,50.85],[45.26,50.74],[45.17,50.72],[45.25,50.68],[45.23,50.59],[45.5,50.61],[45.52,50.56],[45.67,50.59],[45.68,50.73],[45.81,50.77],[46.06,50.66],[46.07,50.54],[46.09,50.53],[46.26,50.53],[46.32,50.57],[46.47,50.55],[46.47,50.61],[46.56,50.63],[46.58,50.7],[46.71,50.69],[46.83,50.64],[46.8,50.59],[46.87,50.56],[46.93,50.49],[47.19,50.51],[47.24,50.38],[47.43,50.38]]]]},"properties":{"iso":"RU-VGG"}},{"type":"Feature","geometry":{"type":"MultiPolygon","coordinates":[[[[39.27,56.54],[39.34,56.61],[39.31,56.68],[39.36,56.77],[39.48,56.77],[39.57,56.82],[39.68,56.82],[39.86,56.78],[39.88,56.65],[39.83,56.62],[39.94,56.53],[39.95,56.48],[40.07,56.48],[40.16,56.43],[40.39,56.54],[40.46,56.53],[40.51,56.6],[40.84,56.58],[40.84,56.55],[40.91,56.5],[40.96,56.53],[41.08,56.47],[41.59,56.49],[41.9,56.54],[41.93,56.52],[41.97,56.39],[42.07,56.37],[42.29,56.47],[42.59,56.42],[42.76,56.31],[42.75,56.22],[42.95,56.17],[42.7,56.13],[42.68,56.09],[42.69,56.0],[42.64,55.95],[42.58,55.98],[42.48,55.9],[42.49,55.85],[42.39,55.78],[42.26,55.76],[42.11,55.66],[42.12,55.61],[42.04,55.61],[42.07,55.48],[42.13,55.44],[42.01,55.37],[42.0,55.34],[41.93,55.33],[41.95,55.28],[41.86,55.24],[41.9,55.2],[41.87,55.16],[41.66,55.11],[41.5,55.16],[41.42,55.13],[41.32,55.2],[41.2,55.22],[41.1,55.2],[41.08,55.15],[41.04,55.22],[40.96,55.26],[40.62,55.21],[40.55,55.25],[40.54,55.33],[40.4,55.29],[40.32,55.29],[40.35,55.34],[40.21,55.31],[40.14,55.41],[40.14,55.43],[40.18,55.45],[40.14,55.51],[40.04,55.52],[40.09,55.61],[39.9,55.73],[39.9,55.8],[39.86,55.83],[39.36,55.76],[39.31,55.78],[39.32,55.83],[39.05,55.85],[39.02,55.93],[38.84,55.9],[38.73,55.95],[38.6,55.96],[38.56,56.08],[38.49,56.18],[38.51,56.23],[38.46,56.22],[38.4,56.26],[38.39,56.46],[38.29,56.53],[38.35,56.64],[38.32,56.67],[38.37,56.7],[38.53,56.63],[38.56,56.54],[38.76,56.61],[39.0,56.54],[39.12,56.59],[39.27,56.54]]]]},"properties":{"iso":"RU-VLA"}},{"type":"Feature","geometry":{"type":"MultiPolygon","coordinates":[[[[37.77,61.52],[37.81,61.48],[37.79,61.42],[37.82,61.37],[37.87,61.35],[37.86,61.28],[37.97,61.2],[37.96,61.15],[38.1,61.16],[38.18,61.13],[38.14,61.07],[38.2,61.03],[38.17,60.98],[38.22,60.92],[38.33,60.91],[38.37,60.95],[38.42,60.81],[38.59,60.8],[38.66,60.71],[38.81,60.72],[38.96,60.81],[39.03,60.73],[39.17,60.69],[39.19,60.65],[39.18,60.71],[39.36,60.68],[39.64,60.75],[39.76,60.74],[39.95,60.65],[40.35,60.71],[40.42,60.79],[40.54,60.72],[40.75,60.78],[40.8,60.72],[41.06,60.65],[41.34,60.65],[41.34,60.69],[41.41,60.79],[41.39,60.86],[41.54,60.9],[41.64,60.89],[41.67,60.85],[41.72,60.84],[41.8,60.9],[41.92,60.92],[41.96,60.89],[41.92,60.86],[41.95,60.83],[42.39,60.77],[42.55,60.78],[42.56,60.83],[42.65,60.86],[42.82,60.86],[42.9,60.82],[42.91,60.78],[42.94,60.79],[42.98,60.74],[43.05,60.74],[43.15,60.81],[43.51,60.77],[43.52,60.85],[43.75,60.89],[43.73,60.92],[43.78,61.02],[44.11,61.08],[44.17,61.08],[44.16,60.99],[44.21,60.97],[45.23,60.9],[45.33,61.19],[45.38,61.21],[45.79,61.17],[45.77,61.05],[45.88,61.02],[46.29,60.97],[46.32,61.0],[46.51,61.06],[46.58,61.0],[46.75,60.98],[46.76,60.9],[47.08,60.83],[46.96,60.66],[47.02,60.64],[47.05,60.58],[46.86,60.51],[46.88,60.48],[46.81,60.32],[46.75,60.26],[46.43,60.27],[46.3,60.24],[46.35,60.21],[46.38,60.12],[46.6,60.07],[46.83,60.07],[46.91,60.13],[47.03,60.12],[46.93,59.8],[47.11,59.75],[47.14,59.7],[47.11,59.61],[46.41,59.63],[46.36,59.35],[46.17,59.34],[46.14,59.31],[46.03,59.3],[45.92,59.18],[45.09,59.18],[44.99,59.12],[44.33,59.14],[44.2,59.18],[44.15,59.23],[43.94,59.21],[43.74,59.26],[43.53,59.17],[43.49,59.3],[43.34,59.27],[43.36,59.22],[43.34,59.21],[43.11,59.29],[43.03,59.21],[42.85,59.16],[42.67,59.23],[42.65,59.29],[42.6,59.32],[42.35,59.3],[42.28,59.26],[42.19,59.31],[42.18,59.4],[42.05,59.43],[41.96,59.29],[42.09,59.23],[42.08,59.16],[42.03,59.12],[41.87,59.09],[41.74,59.12],[41.34,58.96],[41.28,58.99],[41.18,58.96],[41.17,58.91],[41.24,58.91],[41.25,58.88],[41.13,58.8],[41.22,58.73],[40.93,58.58],[40.63,58.61],[40.5,58.56],[40.29,58.54],[40.16,58.56],[40.1,58.6],[40.09,58.67],[40.02,58.68],[39.97,58.76],[39.84,58.77],[39.81,58.82],[39.68,58.85],[39.6,58.91],[39.53,58.88],[39.1,58.95],[38.93,58.94],[38.92,58.88],[39.0,58.85],[38.9,58.79],[38.91,58.74],[38.56,58.78],[38.48,58.71],[38.05,58.74],[37.89,58.62],[37.72,58.63],[37.68,58.52],[37.63,58.49],[37.19,58.77],[37.18,58.83],[37.12,58.87],[36.85,58.84],[36.78,58.81],[36.82,58.76],[36.8,58.73],[36.7,58.73],[36.71,58.7],[36.59,58.6],[36.51,58.59],[36.5,58.53],[36.33,58.5],[36.27,58.54],[36.17,58.52],[36.24,58.59],[36.14,58.62],[36.12,58.7],[35.96,58.75],[35.79,58.75],[35.77,58.78],[35.82,58.79],[35.72,58.83],[35.64,58.81],[35.4,58.84],[35.27,58.76],[35.21,58.8],[35.22,58.83],[35.12,58.82],[35.17,58.93],[35.04,58.92],[34.83,58.99],[34.87,59.05],[34.74,59.07],[34.73,59.1],[34.8,59.11],[34.92,59.25],[34.95,59.23],[35.38,59.3],[35.32,59.34],[35.41,59.37],[35.45,59.43],[35.29,59.5],[35.49,59.49],[35.5,59.51],[35.43,59.53],[35.49,59.55],[35.5,59.65],[35.59,59.62],[35.64,59.65],[35.63,59.71],[35.41,59.71],[35.38,59.88],[35.47,59.92],[35.41,59.97],[35.08,60.03],[35.17,60.08],[35.14,60.14],[35.15,60.27],[35.23,60.33],[35.25,60.45],[35.24,60.66],[35.14,60.78],[35.28,60.85],[35.47,60.88],[35.52,60.93],[35.5,60.98],[35.69,61.13],[35.6,61.19],[36.47,61.41],[36.63,61.55],[36.85,61.54],[37.0,61.59],[37.26,61.54],[37.28,61.5],[37.77,61.52]],[[38.11,61.01],[38.09,61.04],[38.02,61.04],[38.11,61.01]],[[44.48,59.16],[44.47,59.21],[44.43,59.2],[44.48,59.16]]]]},"properties":{"iso":"RU-VLG"}},{"type":"Feature","geometry":{"type":"MultiPolygon","coordinates":[[[[39.33,49.73],[39.24,49.77],[39.18,49.86],[39.19,49.93],[39.27,50.06],[39.24,50.05],[39.21,50.1],[39.1,50.16],[39.12,50.19],[39.11,50.27],[39.06,50.31],[39.08,50.35],[38.99,50.43],[39.0,50.47],[39.1,50.51],[39.07,50.6],[39.12,50.61],[38.96,50.65],[38.96,50.69],[38.82,50.71],[38.78,50.74],[38.79,50.78],[38.72,50.79],[38.73,50.9],[38.87,50.9],[38.85,51.04],[38.74,51.07],[38.62,51.0],[38.55,51.01],[38.51,51.07],[38.4,51.07],[38.37,51.15],[38.5,51.19],[38.42,51.27],[38.29,51.28],[38.35,51.37],[38.29,51.37],[38.27,51.53],[38.14,51.63],[38.22,51.63],[38.21,51.71],[38.41,51.69],[38.51,51.73],[38.39,51.78],[38.43,51.81],[38.41,51.92],[38.3,51.92],[38.3,51.96],[38.54,52.03],[38.58,52.06],[38.65,52.06],[38.69,52.1],[38.76,52.05],[38.81,52.09],[38.87,52.1],[39.04,51.99],[39.1,52.01],[39.11,52.06],[39.16,52.06],[39.16,52.09],[39.27,52.11],[39.45,52.08],[39.51,52.02],[39.5,51.97],[39.74,51.92],[39.84,51.92],[39.91,51.98],[40.03,51.95],[40.12,51.99],[40.16,51.97],[40.73,51.94],[40.78,51.9],[40.84,51.92],[40.94,51.89],[40.89,51.75],[41.07,51.71],[41.28,51.74],[41.3,51.79],[41.44,51.76],[41.49,51.8],[41.76,51.71],[41.83,51.72],[41.95,51.66],[42.12,51.64],[42.12,51.71],[42.19,51.73],[42.25,51.69],[42.27,51.6],[42.46,51.63],[42.86,51.38],[42.84,51.32],[42.9,51.24],[42.67,51.23],[42.57,51.17],[42.25,51.13],[41.98,51.2],[41.85,51.19],[41.72,51.02],[41.44,50.92],[41.37,50.83],[41.17,50.78],[41.33,50.72],[41.41,50.62],[41.53,50.6],[41.42,50.5],[41.51,50.39],[41.28,50.16],[41.35,50.08],[41.11,49.97],[41.06,49.92],[41.03,49.79],[40.88,49.69],[40.61,49.65],[40.49,49.59],[40.2,49.63],[40.12,49.59],[40.0,49.61],[39.83,49.54],[39.62,49.61],[39.56,49.72],[39.44,49.75],[39.33,49.73]]]]},"properties":{"iso":"RU-VOR"}},{"type":"Feature","geometry":{"type":"MultiPolygon","coordinates":[[[[70.13,66.56],[70.04,66.55],[70.1,66.54],[70.04,66.5],[69.87,66.48],[69.55,66.59],[69.58,66.64],[69.42,66.77],[69.26,66.75],[69.13,66.8],[69.47,66.8],[69.52,66.74],[69.64,66.69],[69.66,66.69],[69.54,66.76],[69.73,66.77],[69.93,66.71],[70.05,66.71],[70.09,66.69],[70.08,66.64],[70.03,66.63],[70.13,66.56]]],[[[65.04,69.27],[65.42,69.18],[65.9,69.11],[65.64,69.13],[65.69,69.09],[66.11,69.04],[66.68,68.9],[67.09,68.86],[67.13,68.84],[67.04,68.8],[67.2,68.71],[67.33,68.7],[67.58,68.6],[67.81,68.5],[67.71,68.52],[67.79,68.48],[68.13,68.42],[68.26,68.33],[68.18,68.24],[68.26,68.25],[68.28,68.22],[68.26,68.2],[68.29,68.19],[68.48,68.25],[68.55,68.3],[68.65,68.32],[68.56,68.37],[68.92,68.64],[69.01,68.81],[69.07,68.82],[69.11,68.88],[68.95,68.9],[69.22,68.96],[69.0,68.96],[68.69,68.92],[68.46,68.98],[68.03,69.32],[68.1,69.4],[68.11,69.55],[68.03,69.54],[68.01,69.51],[68.04,69.49],[67.82,69.51],[67.63,69.59],[67.02,69.7],[66.97,69.69],[67.0,69.65],[66.86,69.64],[66.96,69.54],[66.89,69.54],[66.8,69.59],[66.77,69.76],[66.88,70.01],[66.98,70.06],[67.01,70.03],[66.97,70.0],[66.99,69.97],[67.14,69.98],[67.25,70.02],[67.33,70.11],[67.28,70.11],[67.27,70.19],[67.25,70.2],[67.26,70.15],[67.24,70.15],[67.09,70.22],[67.19,70.38],[67.27,70.41],[67.26,70.46],[67.29,70.48],[67.22,70.52],[67.33,70.76],[67.26,70.83],[67.14,70.84],[66.69,70.77],[66.61,70.88],[66.77,70.96],[66.83,71.01],[66.84,71.06],[66.89,71.08],[66.82,71.1],[66.74,71.05],[66.77,71.02],[66.69,71.0],[66.64,71.01],[66.62,71.06],[66.81,71.16],[66.91,71.29],[67.59,71.42],[67.6,71.44],[67.95,71.53],[68.26,71.69],[68.35,71.68],[68.31,71.72],[68.47,71.83],[68.56,71.92],[68.56,71.98],[68.64,72.03],[68.77,72.29],[68.82,72.33],[68.85,72.47],[68.92,72.48],[68.87,72.53],[68.98,72.66],[69.05,72.66],[68.98,72.7],[69.23,72.8],[69.31,72.88],[69.3,72.93],[69.35,72.95],[69.79,72.96],[69.77,72.94],[69.56,72.91],[69.59,72.88],[71.56,72.92],[72.01,72.83],[71.82,72.81],[71.89,72.8],[72.13,72.83],[72.84,72.71],[72.72,72.7],[72.81,72.66],[72.73,72.6],[72.84,72.52],[72.8,72.48],[72.8,72.41],[72.88,72.31],[72.87,72.28],[72.74,72.21],[72.71,72.11],[72.58,72.04],[72.52,71.92],[72.35,71.86],[72.32,71.82],[72.36,71.74],[72.34,71.71],[72.23,71.69],[72.21,71.61],[72.17,71.6],[71.84,71.53],[71.8,71.48],[71.84,71.43],[72.11,71.29],[72.64,71.13],[72.68,71.09],[72.63,71.01],[72.84,70.86],[72.78,70.7],[72.68,70.62],[72.78,70.54],[72.77,70.43],[72.61,70.38],[72.44,70.29],[72.47,70.24],[72.62,70.16],[72.49,70.04],[72.69,69.84],[72.65,69.75],[72.5,69.65],[72.63,69.51],[72.64,69.44],[72.49,69.41],[72.61,69.36],[72.65,69.29],[72.48,69.18],[72.58,68.94],[72.85,68.8],[73.54,68.58],[73.63,68.52],[73.65,68.46],[73.6,68.43],[73.6,68.48],[73.53,68.48],[73.45,68.44],[73.4,68.36],[73.09,68.21],[73.14,68.17],[73.07,68.09],[73.2,67.96],[73.2,67.85],[73.07,67.82],[73.15,67.73],[73.11,67.69],[73.04,67.73],[72.89,67.68],[72.9,67.66],[72.85,67.64],[72.58,67.62],[72.53,67.52],[72.39,67.47],[72.45,67.4],[72.4,67.33],[72.25,67.31],[72.19,67.33],[72.05,67.3],[72.05,67.27],[72.21,67.22],[72.23,67.16],[72.18,67.16],[72.13,67.21],[72.14,67.16],[71.91,67.13],[72.01,67.11],[71.99,67.06],[71.8,66.97],[71.75,66.92],[71.62,66.95],[71.52,66.92],[71.39,66.98],[71.3,66.95],[71.51,66.88],[71.48,66.83],[71.55,66.78],[71.52,66.76],[71.58,66.73],[71.6,66.7],[71.56,66.68],[71.58,66.66],[71.46,66.64],[71.35,66.66],[71.39,66.69],[71.3,66.64],[71.17,66.66],[71.23,66.63],[71.06,66.63],[71.04,66.6],[71.12,66.58],[71.08,66.57],[70.94,66.58],[70.99,66.56],[70.98,66.54],[70.69,66.52],[70.41,66.56],[70.32,66.59],[70.3,66.64],[70.68,66.72],[70.72,66.76],[70.58,66.76],[70.53,66.74],[70.62,66.74],[70.47,66.72],[70.54,66.7],[70.32,66.68],[70.17,66.71],[70.15,66.73],[70.18,66.74],[70.07,66.76],[69.9,66.87],[69.84,66.82],[69.6,66.84],[69.58,66.83],[69.64,66.8],[69.6,66.79],[69.4,66.83],[68.97,66.81],[69.1,66.77],[69.11,66.62],[69.39,66.51],[69.73,66.48],[69.9,66.42],[70.36,66.33],[71.43,66.36],[71.68,66.32],[71.83,66.23],[71.99,66.23],[72.31,66.29],[72.38,66.34],[72.4,66.42],[72.37,66.47],[72.41,66.51],[72.29,66.5],[72.32,66.53],[72.45,66.57],[72.49,66.62],[72.94,66.66],[73.0,66.74],[73.49,66.82],[73.66,66.94],[73.8,66.96],[73.87,67.0],[73.87,67.05],[73.92,67.08],[73.89,67.12],[73.95,67.23],[73.9,67.3],[74.1,67.43],[74.75,67.71],[74.82,67.94],[74.73,68.15],[74.58,68.26],[74.33,68.39],[74.46,68.51],[74.47,68.54],[74.41,68.62],[74.48,68.72],[74.63,68.77],[75.19,68.87],[75.62,68.9],[76.11,68.98],[76.38,68.99],[76.61,68.97],[76.7,68.86],[76.62,68.81],[76.66,68.76],[77.01,68.65],[77.11,68.57],[77.15,68.58],[77.1,68.59],[77.13,68.61],[77.33,68.52],[77.25,68.46],[77.3,68.38],[77.16,68.29],[77.36,68.23],[77.22,68.1],[77.24,68.04],[77.19,67.99],[77.31,67.91],[77.22,67.83],[77.08,67.83],[77.08,67.79],[77.12,67.77],[77.68,67.62],[77.7,67.6],[77.69,67.55],[77.86,67.58],[78.05,67.54],[78.23,67.58],[78.37,67.56],[78.74,67.59],[79.05,67.57],[78.98,67.61],[78.81,67.63],[78.87,67.65],[78.56,67.6],[78.46,67.63],[78.57,67.63],[78.61,67.66],[78.48,67.67],[78.44,67.7],[78.4,67.64],[78.33,67.68],[78.11,67.66],[78.01,67.69],[77.87,67.69],[77.95,67.73],[77.85,67.73],[77.78,67.78],[77.74,67.74],[77.49,67.75],[77.46,67.79],[77.48,67.91],[77.59,67.95],[77.53,67.95],[77.47,68.0],[77.54,68.13],[77.71,68.22],[78.17,68.27],[78.09,68.36],[77.96,68.4],[77.91,68.47],[77.96,68.5],[77.93,68.52],[77.79,68.51],[77.72,68.62],[77.74,68.72],[77.68,68.89],[77.65,68.91],[77.41,68.93],[77.23,68.99],[76.93,69.01],[76.73,69.13],[76.43,69.14],[76.04,69.24],[75.51,69.26],[75.13,69.16],[75.09,69.13],[75.15,69.12],[75.11,69.1],[74.77,69.08],[74.31,69.15],[73.96,69.08],[73.78,69.15],[73.76,69.2],[73.9,69.42],[73.86,69.48],[73.56,69.68],[73.52,69.75],[73.66,69.86],[73.71,70.02],[73.76,70.08],[73.69,70.14],[73.71,70.16],[74.01,70.3],[74.08,70.38],[74.32,70.52],[74.34,70.58],[74.32,70.67],[73.93,70.86],[73.9,70.97],[73.7,71.07],[73.56,71.26],[73.02,71.43],[73.5,71.66],[73.52,71.71],[73.47,71.77],[73.53,71.82],[73.94,71.91],[74.33,71.96],[74.93,72.1],[74.99,72.14],[75.08,72.21],[75.11,72.35],[75.06,72.6],[75.0,72.67],[74.74,72.81],[75.04,72.88],[75.52,72.76],[75.53,72.74],[75.34,72.68],[75.42,72.7],[75.52,72.63],[75.69,72.59],[75.7,72.55],[75.6,72.55],[75.56,72.5],[75.67,72.33],[75.75,72.31],[75.74,72.26],[75.59,72.21],[75.52,72.15],[75.52,72.08],[75.41,72.03],[75.44,71.99],[75.25,71.94],[75.28,71.89],[75.22,71.84],[75.23,71.78],[75.29,71.73],[75.49,71.67],[75.49,71.64],[75.39,71.62],[75.53,71.54],[75.43,71.5],[75.44,71.46],[75.24,71.45],[75.23,71.4],[75.26,71.37],[76.11,71.2],[76.15,71.23],[76.89,71.19],[76.91,71.18],[76.88,71.16],[76.91,71.07],[76.96,71.11],[76.93,71.16],[77.01,71.18],[77.78,71.14],[77.87,71.11],[77.9,71.01],[77.95,70.98],[78.28,70.94],[78.41,70.9],[79.05,70.94],[79.02,70.97],[79.1,70.99],[79.1,71.02],[78.97,70.99],[78.84,71.01],[78.79,70.99],[78.9,70.98],[78.76,70.94],[78.56,70.96],[78.44,70.91],[78.44,70.95],[78.49,71.01],[78.46,71.02],[78.56,71.05],[78.5,71.08],[78.53,71.09],[78.5,71.12],[78.35,71.1],[78.5,71.05],[78.43,71.04],[78.24,71.11],[78.31,71.21],[78.28,71.26],[78.02,71.28],[77.93,71.26],[77.9,71.31],[77.99,71.35],[78.01,71.37],[77.99,71.37],[77.73,71.31],[77.75,71.29],[77.71,71.28],[77.44,71.33],[77.52,71.31],[77.49,71.3],[77.23,71.36],[77.1,71.42],[76.71,71.46],[76.58,71.53],[76.27,71.57],[76.25,71.6],[76.26,71.65],[76.16,71.74],[76.08,71.86],[76.0,71.91],[76.35,72.0],[76.88,72.05],[77.58,71.83],[78.11,71.88],[78.2,71.92],[78.23,71.98],[77.99,72.11],[77.71,72.12],[77.51,72.06],[77.38,72.11],[77.49,72.18],[77.44,72.21],[77.47,72.22],[77.67,72.19],[78.12,72.38],[78.5,72.38],[78.45,72.35],[78.66,72.26],[78.66,72.22],[78.61,72.21],[78.8,72.18],[78.78,72.17],[78.91,72.14],[78.91,72.12],[79.44,72.04],[79.69,72.06],[79.85,72.03],[79.9,71.99],[80.23,71.94],[80.34,71.89],[80.27,71.86],[80.18,71.87],[80.04,71.83],[80.12,71.78],[80.08,71.76],[80.12,71.69],[80.1,71.66],[79.87,71.6],[79.37,71.61],[79.34,71.6],[79.39,71.54],[79.36,71.49],[79.14,71.42],[79.23,71.32],[79.57,71.28],[79.95,71.13],[80.54,71.06],[80.56,70.86],[80.69,70.8],[80.59,70.72],[80.76,70.66],[80.72,70.59],[80.66,70.57],[80.66,70.52],[80.61,70.5],[80.67,70.45],[80.79,70.44],[80.74,70.42],[80.75,70.39],[80.57,70.46],[80.18,70.43],[80.18,70.39],[80.1,70.4],[80.1,70.35],[79.88,70.28],[79.72,70.28],[79.72,70.24],[79.63,70.22],[79.5,70.11],[79.33,70.15],[79.36,70.05],[79.2,70.05],[79.19,70.01],[79.13,70.01],[79.17,69.96],[78.96,69.88],[78.88,69.88],[79.01,69.83],[78.98,69.81],[79.13,69.74],[79.01,69.7],[79.49,69.65],[79.53,69.63],[79.51,69.61],[79.59,69.58],[79.65,69.48],[79.73,69.43],[79.81,69.42],[79.86,69.35],[80.23,69.36],[80.73,69.31],[80.97,69.21],[81.32,69.29],[81.44,69.26],[81.57,69.27],[81.64,69.31],[81.63,69.41],[81.68,69.45],[81.93,69.35],[81.76,69.25],[81.84,69.2],[82.45,69.16],[82.49,69.11],[82.33,69.05],[82.49,68.99],[82.55,68.83],[82.79,68.79],[82.8,68.74],[83.04,68.67],[82.87,68.63],[82.54,68.61],[82.47,68.58],[82.68,68.49],[82.71,68.41],[82.7,68.3],[82.57,68.26],[82.53,68.22],[82.53,68.17],[82.39,68.18],[82.36,68.09],[82.39,68.06],[82.36,67.95],[81.99,67.96],[81.88,67.93],[81.77,67.95],[81.73,67.92],[81.9,67.79],[82.1,67.72],[82.09,67.69],[82.11,67.69],[82.05,67.65],[82.11,67.61],[82.39,67.53],[82.35,67.5],[82.37,67.48],[82.25,67.42],[82.33,67.36],[82.29,67.35],[82.36,67.33],[82.23,67.31],[82.26,67.29],[82.19,67.29],[82.19,67.26],[82.12,67.24],[83.04,66.89],[83.04,66.85],[83.16,66.82],[83.19,66.75],[83.3,66.67],[83.09,66.61],[83.09,66.46],[83.34,66.34],[83.54,66.19],[83.37,66.14],[83.29,66.07],[83.37,65.98],[83.52,65.91],[83.52,65.82],[83.59,65.78],[84.03,65.79],[84.17,65.7],[84.32,65.68],[84.3,65.62],[84.2,65.6],[84.43,65.55],[84.5,65.5],[84.55,65.43],[84.51,65.39],[84.58,65.29],[84.52,65.21],[84.41,65.19],[84.31,65.1],[84.39,64.99],[84.29,64.95],[84.28,64.91],[84.47,64.89],[84.92,64.93],[84.97,64.9],[84.93,64.85],[84.94,64.82],[85.09,64.81],[85.16,64.75],[85.56,64.83],[85.84,64.78],[85.86,64.74],[85.81,64.65],[85.92,64.59],[85.84,64.46],[85.93,64.41],[85.95,64.33],[86.03,64.26],[85.93,64.12],[85.97,64.1],[85.96,64.06],[85.53,63.94],[85.37,63.81],[85.34,63.71],[85.27,63.65],[85.18,63.6],[85.03,63.59],[85.1,63.53],[85.3,63.52],[85.38,63.47],[85.39,63.42],[85.36,63.4],[85.42,63.35],[85.5,63.37],[85.67,63.36],[85.53,63.26],[85.47,63.15],[85.59,63.07],[85.5,62.99],[85.52,62.93],[85.44,62.88],[85.32,62.87],[85.23,62.8],[85.09,62.67],[85.09,62.64],[84.89,62.54],[84.91,62.5],[84.87,62.46],[84.75,62.41],[84.44,62.18],[84.4,62.24],[84.29,62.28],[84.24,62.38],[84.02,62.4],[83.94,62.48],[83.79,62.56],[83.28,62.46],[83.03,62.53],[83.01,62.59],[82.76,62.67],[82.75,62.75],[82.32,62.77],[82.16,62.81],[81.78,62.69],[81.63,62.73],[81.6,62.77],[81.34,62.83],[81.32,62.88],[81.17,62.97],[81.11,63.12],[80.58,63.08],[80.55,63.0],[79.91,62.79],[79.9,62.7],[79.82,62.6],[78.79,62.62],[78.38,62.57],[78.03,62.46],[77.97,62.48],[77.89,62.56],[77.33,62.71],[77.16,62.79],[77.03,62.98],[76.82,62.99],[76.69,63.04],[76.3,62.95],[76.24,63.02],[75.86,63.11],[75.36,63.11],[74.91,63.03],[74.51,63.04],[74.24,63.17],[73.37,63.21],[73.28,63.32],[73.1,63.44],[72.91,63.39],[72.66,63.28],[72.16,63.3],[71.99,63.2],[71.81,63.22],[71.61,63.19],[71.55,63.59],[71.39,63.67],[70.92,63.69],[70.81,63.82],[70.64,63.9],[70.56,64.0],[70.78,64.11],[70.77,64.19],[70.67,64.24],[70.47,64.25],[70.31,64.34],[70.0,64.32],[69.83,64.34],[69.69,64.4],[69.38,64.39],[69.23,64.47],[69.01,64.47],[68.86,64.44],[68.99,64.33],[68.89,64.27],[68.88,64.22],[68.43,64.3],[68.18,64.18],[67.93,64.12],[67.8,64.03],[67.68,64.08],[67.28,64.08],[67.26,64.12],[67.17,64.13],[67.17,64.16],[66.82,64.23],[66.8,64.33],[66.89,64.38],[66.94,64.44],[66.94,64.49],[66.68,64.56],[66.47,64.51],[66.02,64.59],[65.88,64.57],[65.4,64.57],[65.18,64.45],[65.0,64.47],[64.76,64.43],[64.6,64.44],[64.48,64.36],[64.02,64.36],[63.89,64.28],[63.61,64.27],[63.41,64.33],[63.51,64.38],[63.46,64.46],[63.24,64.52],[62.9,64.48],[62.69,64.49],[62.54,64.55],[62.59,64.64],[62.81,64.74],[62.79,64.79],[62.83,64.81],[62.81,64.84],[62.68,64.89],[62.8,65.05],[62.82,65.29],[62.48,65.35],[62.37,65.45],[62.41,65.52],[62.33,65.54],[62.28,65.62],[62.02,65.72],[62.52,65.84],[62.85,65.87],[62.8,65.93],[62.88,65.98],[62.82,66.01],[62.86,66.07],[62.96,66.12],[63.01,66.2],[63.11,66.25],[63.3,66.24],[63.3,66.27],[63.24,66.33],[63.41,66.48],[63.54,66.47],[63.81,66.55],[63.98,66.65],[64.29,66.66],[64.41,66.72],[64.53,66.73],[64.58,66.8],[65.1,66.89],[65.11,67.0],[65.08,67.04],[65.22,67.08],[65.19,67.14],[65.66,67.31],[65.71,67.34],[65.69,67.38],[65.97,67.4],[66.11,67.49],[66.04,67.58],[65.8,67.57],[65.86,67.61],[65.82,67.63],[65.85,67.65],[66.0,67.68],[66.1,67.65],[66.21,67.69],[66.2,67.74],[66.02,67.8],[66.09,67.93],[65.91,67.96],[65.78,67.92],[65.44,67.92],[65.29,68.01],[65.33,68.09],[65.28,68.24],[65.42,68.39],[65.6,68.49],[65.65,68.56],[65.52,68.58],[65.41,68.66],[65.38,68.68],[65.42,68.7],[65.41,68.72],[65.33,68.73],[65.34,68.79],[65.31,68.8],[65.08,68.81],[64.79,68.89],[64.74,68.86],[64.58,68.86],[64.53,68.9],[64.58,68.95],[64.51,68.99],[64.53,69.02],[64.99,69.2],[65.04,69.27]]],[[[71.35,73.39],[71.34,73.33],[71.21,73.29],[71.14,73.29],[71.14,73.35],[71.25,73.42],[71.35,73.39]]],[[[78.28,72.55],[78.39,72.49],[77.77,72.3],[77.13,72.28],[76.92,72.29],[76.85,72.33],[77.25,72.47],[77.31,72.55],[77.61,72.63],[78.28,72.55]]],[[[74.73,73.11],[74.96,73.06],[74.7,73.08],[74.64,72.96],[74.71,72.9],[74.66,72.86],[74.58,72.87],[74.6,72.9],[74.2,72.97],[74.09,73.03],[74.21,73.11],[74.47,73.13],[74.73,73.11]]],[[[76.7,73.19],[76.73,73.14],[76.63,73.13],[76.32,73.15],[76.13,73.21],[76.7,73.19]]],[[[71.67,73.23],[71.75,73.04],[71.73,73.03],[71.37,73.18],[71.28,73.14],[70.66,73.1],[70.46,73.05],[70.26,73.04],[70.11,73.1],[70.0,73.06],[70.1,73.02],[69.87,73.04],[69.91,73.11],[70.06,73.24],[69.96,73.4],[70.47,73.5],[70.56,73.48],[70.95,73.52],[71.23,73.46],[71.27,73.44],[71.11,73.45],[71.14,73.39],[71.09,73.36],[71.1,73.31],[70.98,73.27],[71.29,73.25],[71.3,73.3],[71.44,73.35],[71.67,73.23]]],[[[76.76,73.45],[76.07,73.53],[76.16,73.56],[76.25,73.55],[76.76,73.45]]],[[[75.92,73.52],[75.87,73.5],[75.9,73.47],[75.5,73.45],[75.54,73.5],[75.38,73.45],[75.36,73.4],[75.3,73.41],[75.42,73.5],[75.62,73.55],[76.03,73.58],[76.08,73.56],[75.92,73.52]]],[[[67.22,69.42],[67.31,69.44],[67.13,69.36],[67.0,69.39],[66.94,69.44],[66.97,69.46],[67.22,69.42]]],[[[67.33,69.57],[67.34,69.52],[67.26,69.44],[67.06,69.45],[67.02,69.48],[67.19,69.57],[67.33,69.57]]],[[[66.84,70.39],[66.87,70.38],[66.59,70.47],[66.67,70.54],[66.7,70.48],[66.84,70.39]]],[[[66.56,70.54],[66.58,70.5],[66.48,70.54],[66.4,70.63],[66.39,70.71],[66.43,70.8],[66.48,70.76],[66.45,70.68],[66.55,70.6],[66.56,70.54]]],[[[66.6,70.91],[66.51,70.83],[66.43,70.83],[66.6,71.0],[66.6,70.91]]]]},"properties":{"iso":"RU-YAN"}},{"type":"Feature","geometry":{"type":"MultiPolygon","coordinates":[[[[40.93,58.58],[41.03,58.52],[41.02,58.49],[41.06,58.47],[41.08,58.4],[41.16,58.36],[40.88,58.19],[40.88,58.13],[40.75,58.06],[40.7,57.98],[40.61,57.93],[40.62,57.65],[40.66,57.58],[40.61,57.54],[40.58,57.58],[40.5,57.58],[40.44,57.55],[40.49,57.5],[40.39,57.5],[40.45,57.44],[40.4,57.42],[40.44,57.39],[40.45,57.28],[40.19,57.28],[40.22,57.26],[40.18,57.21],[40.05,57.22],[39.84,57.18],[39.83,57.11],[39.52,57.03],[39.58,56.97],[39.46,56.92],[39.47,56.88],[39.39,56.84],[39.42,56.77],[39.36,56.77],[39.31,56.68],[39.34,56.61],[39.27,56.54],[39.12,56.59],[39.0,56.54],[38.76,56.61],[38.55,56.55],[38.51,56.64],[38.32,56.71],[38.24,56.81],[38.15,56.83],[38.12,56.87],[38.2,56.9],[38.21,56.96],[38.15,56.99],[38.22,57.01],[38.26,57.09],[38.25,57.14],[38.15,57.19],[38.15,57.23],[38.31,57.28],[38.29,57.37],[38.09,57.34],[37.79,57.43],[37.84,57.47],[37.8,57.51],[37.83,57.63],[37.66,57.68],[37.65,57.7],[37.54,57.74],[37.46,57.83],[37.38,57.83],[37.42,57.86],[37.35,57.89],[37.5,57.89],[37.49,57.92],[37.37,57.95],[37.37,57.98],[37.52,57.99],[37.54,58.05],[37.67,58.08],[37.55,58.17],[37.39,58.19],[37.35,58.25],[37.42,58.32],[37.37,58.35],[37.45,58.41],[37.53,58.4],[37.64,58.43],[37.63,58.49],[37.68,58.52],[37.72,58.63],[37.89,58.62],[38.05,58.74],[38.48,58.71],[38.56,58.78],[38.91,58.74],[38.9,58.79],[39.0,58.85],[38.92,58.88],[38.94,58.94],[39.12,58.95],[39.53,58.88],[39.6,58.91],[39.68,58.85],[39.81,58.82],[39.84,58.77],[39.97,58.76],[40.02,58.68],[40.09,58.67],[40.1,58.6],[40.2,58.55],[40.5,58.56],[40.63,58.61],[40.93,58.58]]]]},"properties":{"iso":"RU-YAR"}}]}
